timestamp;ECG
1;-819.2
1,125;-802.816
1,25;-802.816
1,375;-802.816
1,5;-819.2
1,625;-802.816
1,75;-802.816
1,875;-753.664
2;-753.664
2,125;-786.432
2,25;-851.9680000000001
2,375;-835.584
2,5;-802.816
2,625;-753.664
2,75;-737.28
2,875;-770.048
3;-786.432
3,125;-770.048
3,25;-720.8960000000001
3,375;-737.28
3,5;-884.7360000000001
3,625;-1032.192
3,75;-1032.192
3,875;-819.2
4;-622.592
4,125;-688.128
4,25;-720.8960000000001
4,375;-770.048
4,5;-737.28
4,625;-720.8960000000001
4,75;-720.8960000000001
4,875;-720.8960000000001
5;-737.28
5,125;-753.664
5,25;-786.432
5,375;-802.816
5,5;-770.048
5,625;-753.664
5,75;-737.28
5,875;-753.664
6;-770.048
6,125;-737.28
6,25;-770.048
6,375;-786.432
6,5;-753.664
6,625;-770.048
6,75;-737.28
6,875;-770.048
7;-786.432
7,125;-770.048
7,25;-770.048
7,375;-770.048
7,5;-770.048
7,625;-819.2
7,75;-835.584
7,875;-835.584
8;-802.816
8,125;-835.584
8,25;-819.2
8,375;-835.584
8,5;-802.816
8,625;-802.816
8,75;-802.816
8,875;-802.816
9;-802.816
9,125;-770.048
9,25;-753.664
9,375;-753.664
9,5;-770.048
9,625;-753.664
9,75;-786.432
9,875;-786.432
10;-786.432
10,125;-786.432
10,25;-753.664
10,375;-786.432
10,5;-770.048
10,625;-770.048
10,75;-770.048
10,875;-770.048
11;-737.28
11,125;-786.432
11,25;-753.664
11,375;-786.432
11,5;-786.432
11,625;-737.28
11,75;-770.048
11,875;-753.664
12;-770.048
12,125;-753.664
12,25;-753.664
12,375;-770.048
12,5;-753.664
12,625;-737.28
12,75;-770.048
12,875;-770.048
13;-802.816
13,125;-770.048
13,25;-720.8960000000001
13,375;-737.28
13,5;-720.8960000000001
13,625;-753.664
13,75;-704.512
13,875;-704.512
14;-688.128
14,125;-704.512
14,25;-835.584
14,375;-966.6560000000001
14,5;-983.04
14,625;-901.12
14,75;-655.36
14,875;-638.976
15;-704.512
15,125;-704.512
15,25;-737.28
15,375;-704.512
15,5;-737.28
15,625;-770.048
15,75;-753.664
15,875;-753.664
16;-770.048
16,125;-737.28
16,25;-786.432
16,375;-753.664
16,5;-770.048
16,625;-753.664
16,75;-753.664
16,875;-770.048
17;-720.8960000000001
17,125;-753.664
17,25;-770.048
17,375;-753.664
17,5;-770.048
17,625;-737.28
17,75;-786.432
17,875;-770.048
18;-753.664
18,125;-786.432
18,25;-802.816
18,375;-802.816
18,5;-819.2
18,625;-770.048
18,75;-802.816
18,875;-786.432
19;-786.432
19,125;-786.432
19,25;-819.2
19,375;-835.584
19,5;-835.584
19,625;-819.2
19,75;-819.2
19,875;-786.432
20;-802.816
20,125;-802.816
20,25;-786.432
20,375;-802.816
20,5;-786.432
20,625;-770.048
20,75;-819.2
20,875;-802.816
21;-835.584
21,125;-786.432
21,25;-786.432
21,375;-786.432
21,5;-770.048
21,625;-802.816
21,75;-786.432
21,875;-753.664
22;-770.048
22,125;-770.048
22,25;-802.816
22,375;-835.584
22,5;-819.2
22,625;-819.2
22,75;-720.8960000000001
22,875;-786.432
23;-786.432
23,125;-786.432
23,25;-819.2
23,375;-802.816
23,5;-819.2
23,625;-819.2
23,75;-753.664
23,875;-786.432
24;-786.432
24,125;-868.352
24,25;-868.352
24,375;-786.432
24,5;-770.048
24,625;-753.664
24,75;-753.664
24,875;-753.664
25;-786.432
25,125;-1015.808
25,25;-1097.728
25,375;-1015.808
25,5;-802.816
25,625;-622.592
25,75;-671.7439999999999
25,875;-753.664
26;-753.664
26,125;-770.048
26,25;-770.048
26,375;-802.816
26,5;-819.2
26,625;-786.432
26,75;-802.816
26,875;-770.048
27;-770.048
27,125;-786.432
27,25;-770.048
27,375;-802.816
27,5;-786.432
27,625;-753.664
27,75;-786.432
27,875;-720.8960000000001
28;-720.8960000000001
28,125;-720.8960000000001
28,25;-720.8960000000001
28,375;-770.048
28,5;-753.664
28,625;-753.664
28,75;-770.048
28,875;-753.664
29;-770.048
29,125;-802.816
29,25;-819.2
29,375;-851.9680000000001
29,5;-851.9680000000001
29,625;-851.9680000000001
29,75;-802.816
29,875;-802.816
30;-835.584
30,125;-819.2
30,25;-835.584
30,375;-835.584
30,5;-786.432
30,625;-835.584
30,75;-786.432
30,875;-819.2
31;-835.584
31,125;-802.816
31,25;-835.584
31,375;-786.432
31,5;-819.2
31,625;-819.2
31,75;-786.432
31,875;-786.432
32;-753.664
32,125;-786.432
32,25;-835.584
32,375;-802.816
32,5;-851.9680000000001
32,625;-819.2
32,75;-802.816
32,875;-819.2
33;-802.816
33,125;-819.2
33,25;-819.2
33,375;-786.432
33,5;-802.816
33,625;-770.048
33,75;-802.816
33,875;-835.584
34;-819.2
34,125;-835.584
34,25;-819.2
34,375;-802.816
34,5;-835.584
34,625;-786.432
34,75;-802.816
34,875;-786.432
35;-819.2
35,125;-802.816
35,25;-786.432
35,375;-753.664
35,5;-770.048
35,625;-966.6560000000001
35,75;-1097.728
35,875;-1032.192
36;-802.816
36,125;-688.128
36,25;-688.128
36,375;-753.664
36,5;-720.8960000000001
36,625;-753.664
36,75;-770.048
36,875;-753.664
37;-737.28
37,125;-753.664
37,25;-753.664
37,375;-770.048
37,5;-737.28
37,625;-753.664
37,75;-720.8960000000001
37,875;-737.28
38;-770.048
38,125;-753.664
38,25;-737.28
38,375;-753.664
38,5;-753.664
38,625;-819.2
38,75;-753.664
38,875;-720.8960000000001
39;-704.512
39,125;-737.28
39,25;-786.432
39,375;-753.664
39,5;-737.28
39,625;-786.432
39,75;-770.048
39,875;-802.816
40;-786.432
40,125;-786.432
40,25;-802.816
40,375;-802.816
40,5;-802.816
40,625;-770.048
40,75;-786.432
40,875;-802.816
41;-770.048
41,125;-770.048
41,25;-786.432
41,375;-802.816
41,5;-835.584
41,625;-802.816
41,75;-770.048
41,875;-770.048
42;-770.048
42,125;-802.816
42,25;-753.664
42,375;-770.048
42,5;-802.816
42,625;-786.432
42,75;-802.816
42,875;-786.432
43;-770.048
43,125;-819.2
43,25;-786.432
43,375;-770.048
43,5;-753.664
43,625;-802.816
43,75;-819.2
43,875;-770.048
44;-753.664
44,125;-770.048
44,25;-802.816
44,375;-819.2
44,5;-786.432
44,625;-786.432
44,75;-802.816
44,875;-802.816
45;-802.816
45,125;-770.048
45,25;-819.2
45,375;-835.584
45,5;-786.432
45,625;-753.664
45,75;-704.512
45,875;-851.9680000000001
46;-1081.344
46,125;-1064.96
46,25;-983.04
46,375;-770.048
46,5;-688.128
46,625;-753.664
46,75;-720.8960000000001
46,875;-753.664
47;-786.432
47,125;-753.664
47,25;-786.432
47,375;-737.28
47,5;-770.048
47,625;-802.816
47,75;-770.048
47,875;-802.816
48;-786.432
48,125;-786.432
48,25;-802.816
48,375;-753.664
48,5;-770.048
48,625;-753.664
48,75;-770.048
48,875;-786.432
49;-737.28
49,125;-753.664
49,25;-753.664
49,375;-770.048
49,5;-802.816
49,625;-770.048
49,75;-770.048
49,875;-802.816
50;-786.432
50,125;-819.2
50,25;-819.2
50,375;-786.432
50,5;-819.2
50,625;-802.816
50,75;-819.2
50,875;-802.816
51;-819.2
51,125;-786.432
51,25;-802.816
51,375;-835.584
51,5;-851.9680000000001
51,625;-851.9680000000001
51,75;-819.2
51,875;-770.048
52;-835.584
52,125;-851.9680000000001
52,25;-835.584
52,375;-802.816
52,5;-770.048
52,625;-786.432
52,75;-819.2
52,875;-802.816
53;-835.584
53,125;-770.048
53,25;-802.816
53,375;-786.432
53,5;-786.432
53,625;-802.816
53,75;-819.2
53,875;-786.432
54;-835.584
54,125;-835.584
54,25;-851.9680000000001
54,375;-851.9680000000001
54,5;-851.9680000000001
54,625;-819.2
54,75;-802.816
54,875;-835.584
55;-851.9680000000001
55,125;-851.9680000000001
55,25;-851.9680000000001
55,375;-802.816
55,5;-786.432
55,625;-753.664
55,75;-753.664
55,875;-884.7360000000001
56;-1032.192
56,125;-1032.192
56,25;-966.6560000000001
56,375;-802.816
56,5;-737.28
56,625;-802.816
56,75;-770.048
56,875;-819.2
57;-786.432
57,125;-819.2
57,25;-835.584
57,375;-819.2
57,5;-819.2
57,625;-802.816
57,75;-786.432
57,875;-819.2
58;-786.432
58,125;-819.2
58,25;-786.432
58,375;-835.584
58,5;-835.584
58,625;-819.2
58,75;-802.816
58,875;-786.432
59;-770.048
59,125;-835.584
59,25;-851.9680000000001
59,375;-851.9680000000001
59,5;-835.584
59,625;-786.432
59,75;-819.2
59,875;-819.2
60;-819.2
60,125;-835.584
60,25;-835.584
60,375;-868.352
60,5;-868.352
60,625;-835.584
60,75;-851.9680000000001
60,875;-819.2
61;-851.9680000000001
61,125;-851.9680000000001
61,25;-868.352
61,375;-884.7360000000001
61,5;-868.352
61,625;-802.816
61,75;-819.2
61,875;-835.584
62;-868.352
62,125;-901.12
62,25;-901.12
62,375;-868.352
62,5;-819.2
62,625;-802.816
62,75;-835.584
62,875;-835.584
63;-851.9680000000001
63,125;-819.2
63,25;-851.9680000000001
63,375;-835.584
63,5;-851.9680000000001
63,625;-851.9680000000001
63,75;-851.9680000000001
63,875;-835.584
64;-851.9680000000001
64,125;-868.352
64,25;-868.352
64,375;-835.584
64,5;-851.9680000000001
64,625;-851.9680000000001
64,75;-901.12
64,875;-851.9680000000001
65;-802.816
65,125;-819.2
65,25;-835.584
65,375;-819.2
65,5;-917.5039999999999
65,625;-999.424
65,75;-1064.96
65,875;-983.04
66;-802.816
66,125;-737.28
66,25;-802.816
66,375;-851.9680000000001
66,5;-851.9680000000001
66,625;-802.816
66,75;-819.2
66,875;-851.9680000000001
67;-851.9680000000001
67,125;-835.584
67,25;-819.2
67,375;-851.9680000000001
67,5;-851.9680000000001
67,625;-851.9680000000001
67,75;-802.816
67,875;-819.2
68;-835.584
68,125;-851.9680000000001
68,25;-851.9680000000001
68,375;-851.9680000000001
68,5;-786.432
68,625;-819.2
68,75;-819.2
68,875;-851.9680000000001
69;-835.584
69,125;-835.584
69,25;-851.9680000000001
69,375;-851.9680000000001
69,5;-901.12
69,625;-901.12
69,75;-884.7360000000001
69,875;-884.7360000000001
70;-835.584
70,125;-851.9680000000001
70,25;-868.352
70,375;-868.352
70,5;-868.352
70,625;-835.584
70,75;-851.9680000000001
70,875;-868.352
71;-868.352
71,125;-868.352
71,25;-851.9680000000001
71,375;-868.352
71,5;-901.12
71,625;-901.12
71,75;-933.888
71,875;-901.12
72;-901.12
72,125;-901.12
72,25;-884.7360000000001
72,375;-884.7360000000001
72,5;-901.12
72,625;-884.7360000000001
72,75;-917.5039999999999
72,875;-868.352
73;-884.7360000000001
73,125;-851.9680000000001
73,25;-901.12
73,375;-884.7360000000001
73,5;-884.7360000000001
73,625;-901.12
73,75;-901.12
73,875;-868.352
74;-917.5039999999999
74,125;-851.9680000000001
74,25;-901.12
74,375;-868.352
74,5;-851.9680000000001
74,625;-851.9680000000001
74,75;-851.9680000000001
74,875;-835.584
75;-851.9680000000001
75,125;-966.6560000000001
75,25;-1064.96
75,375;-1081.344
75,5;-966.6560000000001
75,625;-819.2
75,75;-802.816
75,875;-802.816
76;-851.9680000000001
76,125;-835.584
76,25;-819.2
76,375;-819.2
76,5;-835.584
76,625;-835.584
76,75;-835.584
76,875;-851.9680000000001
77;-835.584
77,125;-819.2
77,25;-819.2
77,375;-819.2
77,5;-819.2
77,625;-819.2
77,75;-819.2
77,875;-835.584
78;-819.2
78,125;-835.584
78,25;-819.2
78,375;-835.584
78,5;-835.584
78,625;-835.584
78,75;-835.584
78,875;-835.584
79;-835.584
79,125;-835.584
79,25;-835.584
79,375;-851.9680000000001
79,5;-868.352
79,625;-851.9680000000001
79,75;-868.352
79,875;-835.584
80;-884.7360000000001
80,125;-868.352
80,25;-868.352
80,375;-819.2
80,5;-835.584
80,625;-835.584
80,75;-835.584
80,875;-851.9680000000001
81;-819.2
81,125;-835.584
81,25;-835.584
81,375;-835.584
81,5;-868.352
81,625;-835.584
81,75;-835.584
81,875;-819.2
82;-819.2
82,125;-819.2
82,25;-868.352
82,375;-835.584
82,5;-851.9680000000001
82,625;-835.584
82,75;-851.9680000000001
82,875;-819.2
83;-851.9680000000001
83,125;-868.352
83,25;-851.9680000000001
83,375;-835.584
83,5;-835.584
83,625;-802.816
83,75;-819.2
83,875;-802.816
84;-819.2
84,125;-835.584
84,25;-802.816
84,375;-802.816
84,5;-851.9680000000001
84,625;-983.04
84,75;-1048.576
84,875;-950.2719999999999
85;-802.816
85,125;-737.28
85,25;-753.664
85,375;-786.432
85,5;-786.432
85,625;-802.816
85,75;-770.048
85,875;-786.432
86;-802.816
86,125;-786.432
86,25;-802.816
86,375;-835.584
86,5;-802.816
86,625;-835.584
86,75;-786.432
86,875;-786.432
87;-802.816
87,125;-786.432
87,25;-802.816
87,375;-786.432
87,5;-802.816
87,625;-819.2
87,75;-786.432
87,875;-802.816
88;-786.432
88,125;-802.816
88,25;-819.2
88,375;-786.432
88,5;-802.816
88,625;-819.2
88,75;-819.2
88,875;-851.9680000000001
89;-868.352
89,125;-868.352
89,25;-868.352
89,375;-851.9680000000001
89,5;-819.2
89,625;-835.584
89,75;-835.584
89,875;-851.9680000000001
90;-851.9680000000001
90,125;-835.584
90,25;-819.2
90,375;-802.816
90,5;-819.2
90,625;-802.816
90,75;-819.2
90,875;-802.816
91;-802.816
91,125;-851.9680000000001
91,25;-835.584
91,375;-835.584
91,5;-819.2
91,625;-851.9680000000001
91,75;-868.352
91,875;-851.9680000000001
92;-835.584
92,125;-835.584
92,25;-819.2
92,375;-851.9680000000001
92,5;-851.9680000000001
92,625;-868.352
92,75;-835.584
92,875;-819.2
93;-802.816
93,125;-819.2
93,25;-835.584
93,375;-868.352
93,5;-835.584
93,625;-819.2
93,75;-802.816
93,875;-786.432
94;-802.816
94,125;-933.888
94,25;-1015.808
94,375;-1015.808
94,5;-868.352
94,625;-770.048
94,75;-720.8960000000001
94,875;-753.664
95;-802.816
95,125;-819.2
95,25;-835.584
95,375;-835.584
95,5;-786.432
95,625;-802.816
95,75;-786.432
95,875;-835.584
96;-819.2
96,125;-802.816
96,25;-851.9680000000001
96,375;-802.816
96,5;-835.584
96,625;-802.816
96,75;-819.2
96,875;-802.816
97;-819.2
97,125;-819.2
97,25;-802.816
97,375;-802.816
97,5;-835.584
97,625;-851.9680000000001
97,75;-835.584
97,875;-835.584
98;-802.816
98,125;-851.9680000000001
98,25;-868.352
98,375;-901.12
98,5;-868.352
98,625;-868.352
98,75;-835.584
98,875;-851.9680000000001
99;-851.9680000000001
99,125;-851.9680000000001
99,25;-868.352
99,375;-851.9680000000001
99,5;-851.9680000000001
99,625;-851.9680000000001
99,75;-851.9680000000001
99,875;-835.584
100;-835.584
100,125;-835.584
100,25;-835.584
100,375;-835.584
100,5;-868.352
100,625;-851.9680000000001
100,75;-851.9680000000001
100,875;-835.584
101;-835.584
101,125;-835.584
101,25;-851.9680000000001
101,375;-851.9680000000001
101,5;-868.352
101,625;-851.9680000000001
101,75;-868.352
101,875;-851.9680000000001
102;-835.584
102,125;-835.584
102,25;-868.352
102,375;-851.9680000000001
102,5;-851.9680000000001
102,625;-819.2
102,75;-868.352
102,875;-868.352
103;-868.352
103,125;-835.584
103,25;-835.584
103,375;-868.352
103,5;-884.7360000000001
103,625;-835.584
103,75;-835.584
103,875;-786.432
104;-819.2
104,125;-819.2
104,25;-786.432
104,375;-786.432
104,5;-901.12
104,625;-1032.192
104,75;-1064.96
104,875;-966.6560000000001
105;-786.432
105,125;-753.664
105,25;-802.816
105,375;-819.2
105,5;-802.816
105,625;-835.584
105,75;-819.2
105,875;-835.584
106;-819.2
106,125;-819.2
106,25;-835.584
106,375;-835.584
106,5;-851.9680000000001
106,625;-835.584
106,75;-851.9680000000001
106,875;-835.584
107;-835.584
107,125;-835.584
107,25;-851.9680000000001
107,375;-819.2
107,5;-802.816
107,625;-819.2
107,75;-851.9680000000001
107,875;-851.9680000000001
108;-835.584
108,125;-802.816
108,25;-802.816
108,375;-819.2
108,5;-851.9680000000001
108,625;-851.9680000000001
108,75;-868.352
108,875;-868.352
109;-851.9680000000001
109,125;-835.584
109,25;-851.9680000000001
109,375;-851.9680000000001
109,5;-884.7360000000001
109,625;-851.9680000000001
109,75;-851.9680000000001
109,875;-851.9680000000001
110;-819.2
110,125;-851.9680000000001
110,25;-835.584
110,375;-868.352
110,5;-835.584
110,625;-868.352
110,75;-851.9680000000001
110,875;-851.9680000000001
111;-819.2
111,125;-819.2
111,25;-802.816
111,375;-835.584
111,5;-819.2
111,625;-819.2
111,75;-819.2
111,875;-835.584
112;-835.584
112,125;-835.584
112,25;-835.584
112,375;-851.9680000000001
112,5;-851.9680000000001
112,625;-835.584
112,75;-835.584
112,875;-835.584
113;-835.584
113,125;-835.584
113,25;-851.9680000000001
113,375;-819.2
113,5;-835.584
113,625;-851.9680000000001
113,75;-868.352
113,875;-835.584
114;-835.584
114,125;-851.9680000000001
114,25;-868.352
114,375;-835.584
114,5;-819.2
114,625;-770.048
114,75;-835.584
114,875;-851.9680000000001
115;-868.352
115,125;-835.584
115,25;-819.2
115,375;-835.584
115,5;-851.9680000000001
115,625;-835.584
115,75;-884.7360000000001
115,875;-819.2
116;-835.584
116,125;-819.2
116,25;-835.584
116,375;-819.2
116,5;-835.584
116,625;-835.584
116,75;-835.584
116,875;-851.9680000000001
117;-868.352
117,125;-851.9680000000001
117,25;-851.9680000000001
117,375;-851.9680000000001
117,5;-835.584
117,625;-851.9680000000001
117,75;-868.352
117,875;-868.352
118;-851.9680000000001
118,125;-819.2
118,25;-868.352
118,375;-1032.192
118,5;-1114.112
118,625;-1097.728
118,75;-917.5039999999999
118,875;-802.816
119;-786.432
119,125;-819.2
119,25;-835.584
119,375;-851.9680000000001
119,5;-819.2
119,625;-819.2
119,75;-851.9680000000001
119,875;-868.352
120;-901.12
120,125;-884.7360000000001
120,25;-851.9680000000001
120,375;-868.352
120,5;-868.352
120,625;-868.352
120,75;-851.9680000000001
120,875;-835.584
121;-819.2
121,125;-851.9680000000001
121,25;-835.584
121,375;-835.584
121,5;-835.584
121,625;-819.2
121,75;-802.816
121,875;-802.816
122;-802.816
122,125;-851.9680000000001
122,25;-851.9680000000001
122,375;-851.9680000000001
122,5;-835.584
122,625;-835.584
122,75;-851.9680000000001
122,875;-868.352
123;-851.9680000000001
123,125;-868.352
123,25;-851.9680000000001
123,375;-851.9680000000001
123,5;-851.9680000000001
123,625;-868.352
123,75;-851.9680000000001
123,875;-868.352
124;-868.352
124,125;-884.7360000000001
124,25;-901.12
124,375;-884.7360000000001
124,5;-884.7360000000001
124,625;-851.9680000000001
124,75;-851.9680000000001
124,875;-851.9680000000001
125;-851.9680000000001
125,125;-868.352
125,25;-868.352
125,375;-868.352
125,5;-868.352
125,625;-851.9680000000001
125,75;-868.352
125,875;-851.9680000000001
126;-835.584
126,125;-868.352
126,25;-884.7360000000001
126,375;-868.352
126,5;-851.9680000000001
126,625;-819.2
126,75;-835.584
126,875;-835.584
127;-851.9680000000001
127,125;-851.9680000000001
127,25;-835.584
127,375;-819.2
127,5;-835.584
127,625;-819.2
127,75;-851.9680000000001
127,875;-851.9680000000001
128;-851.9680000000001
128,125;-819.2
128,25;-819.2
128,375;-819.2
128,5;-868.352
128,625;-868.352
128,75;-851.9680000000001
128,875;-835.584
129;-835.584
129,125;-851.9680000000001
129,25;-851.9680000000001
129,375;-835.584
129,5;-835.584
129,625;-819.2
129,75;-835.584
129,875;-851.9680000000001
130;-819.2
130,125;-835.584
130,25;-851.9680000000001
130,375;-835.584
130,5;-835.584
130,625;-802.816
130,75;-835.584
130,875;-819.2
131;-851.9680000000001
131,125;-835.584
131,25;-819.2
131,375;-868.352
131,5;-868.352
131,625;-851.9680000000001
131,75;-851.9680000000001
131,875;-819.2
132;-851.9680000000001
132,125;-819.2
132,25;-835.584
132,375;-851.9680000000001
132,5;-851.9680000000001
132,625;-819.2
132,75;-786.432
132,875;-770.048
133;-835.584
133,125;-983.04
133,25;-1064.96
133,375;-1015.808
133,5;-835.584
133,625;-753.664
133,75;-720.8960000000001
133,875;-770.048
134;-786.432
134,125;-786.432
134,25;-786.432
134,375;-802.816
134,5;-802.816
134,625;-819.2
134,75;-786.432
134,875;-786.432
135;-786.432
135,125;-786.432
135,25;-819.2
135,375;-819.2
135,5;-819.2
135,625;-819.2
135,75;-786.432
135,875;-819.2
136;-770.048
136,125;-786.432
136,25;-770.048
136,375;-753.664
136,5;-802.816
136,625;-802.816
136,75;-770.048
136,875;-802.816
137;-770.048
137,125;-802.816
137,25;-819.2
137,375;-835.584
137,5;-851.9680000000001
137,625;-835.584
137,75;-835.584
137,875;-835.584
138;-835.584
138,125;-851.9680000000001
138,25;-835.584
138,375;-851.9680000000001
138,5;-835.584
138,625;-786.432
138,75;-802.816
138,875;-802.816
139;-802.816
139,125;-819.2
139,25;-802.816
139,375;-819.2
139,5;-819.2
139,625;-819.2
139,75;-802.816
139,875;-786.432
140;-786.432
140,125;-835.584
140,25;-835.584
140,375;-835.584
140,5;-786.432
140,625;-819.2
140,75;-819.2
140,875;-786.432
141;-802.816
141,125;-802.816
141,25;-819.2
141,375;-835.584
141,5;-802.816
141,625;-802.816
141,75;-786.432
141,875;-802.816
142;-819.2
142,125;-786.432
142,25;-802.816
142,375;-802.816
142,5;-802.816
142,625;-835.584
142,75;-802.816
142,875;-835.584
143;-802.816
143,125;-786.432
143,25;-802.816
143,375;-819.2
143,5;-835.584
143,625;-851.9680000000001
143,75;-786.432
143,875;-819.2
144;-786.432
144,125;-770.048
144,25;-786.432
144,375;-770.048
144,5;-786.432
144,625;-802.816
144,75;-786.432
144,875;-835.584
145;-802.816
145,125;-786.432
145,25;-770.048
145,375;-753.664
145,5;-819.2
145,625;-786.432
145,75;-819.2
145,875;-786.432
146;-770.048
146,125;-802.816
146,25;-786.432
146,375;-786.432
146,5;-802.816
146,625;-753.664
146,75;-786.432
146,875;-786.432
147;-786.432
147,125;-770.048
147,25;-720.8960000000001
147,375;-770.048
147,5;-917.5039999999999
147,625;-1032.192
147,75;-999.424
147,875;-802.816
148;-704.512
148,125;-688.128
148,25;-737.28
148,375;-737.28
148,5;-704.512
148,625;-753.664
148,75;-786.432
148,875;-753.664
149;-786.432
149,125;-737.28
149,25;-753.664
149,375;-770.048
149,5;-720.8960000000001
149,625;-770.048
149,75;-753.664
149,875;-753.664
150;-802.816
150,125;-753.664
150,25;-753.664
150,375;-753.664
150,5;-770.048
150,625;-802.816
150,75;-753.664
150,875;-720.8960000000001
151;-737.28
151,125;-720.8960000000001
151,25;-753.664
151,375;-737.28
151,5;-753.664
151,625;-770.048
151,75;-737.28
151,875;-720.8960000000001
152;-753.664
152,125;-753.664
152,25;-819.2
152,375;-770.048
152,5;-770.048
152,625;-753.664
152,75;-753.664
152,875;-786.432
153;-753.664
153,125;-770.048
153,25;-770.048
153,375;-753.664
153,5;-786.432
153,625;-737.28
153,75;-737.28
153,875;-753.664
154;-753.664
154,125;-819.2
154,25;-786.432
154,375;-770.048
154,5;-786.432
154,625;-770.048
154,75;-770.048
154,875;-786.432
155;-770.048
155,125;-819.2
155,25;-753.664
155,375;-753.664
155,5;-737.28
155,625;-753.664
155,75;-802.816
155,875;-753.664
156;-737.28
156,125;-737.28
156,25;-770.048
156,375;-835.584
156,5;-753.664
156,625;-753.664
156,75;-737.28
156,875;-737.28
157;-770.048
157,125;-753.664
157,25;-737.28
157,375;-786.432
157,5;-753.664
157,625;-786.432
157,75;-737.28
157,875;-753.664
158;-786.432
158,125;-720.8960000000001
158,25;-753.664
158,375;-753.664
158,5;-753.664
158,625;-802.816
158,75;-737.28
158,875;-753.664
159;-770.048
159,125;-737.28
159,25;-770.048
159,375;-753.664
159,5;-770.048
159,625;-802.816
159,75;-753.664
159,875;-770.048
160;-720.8960000000001
160,125;-737.28
160,25;-753.664
160,375;-737.28
160,5;-737.28
160,625;-753.664
160,75;-737.28
160,875;-737.28
161;-688.128
161,125;-819.2
161,25;-983.04
161,375;-1015.808
161,5;-868.352
161,625;-704.512
161,75;-638.976
161,875;-704.512
162;-737.28
162,125;-786.432
162,25;-737.28
162,375;-737.28
162,5;-737.28
162,625;-737.28
162,75;-753.664
162,875;-737.28
163;-737.28
163,125;-737.28
163,25;-737.28
163,375;-753.664
163,5;-770.048
163,625;-737.28
163,75;-770.048
163,875;-737.28
164;-737.28
164,125;-737.28
164,25;-720.8960000000001
164,375;-753.664
164,5;-720.8960000000001
164,625;-737.28
164,75;-753.664
164,875;-688.128
165;-720.8960000000001
165,125;-704.512
165,25;-737.28
165,375;-770.048
165,5;-737.28
165,625;-753.664
165,75;-753.664
165,875;-737.28
166;-770.048
166,125;-704.512
166,25;-753.664
166,375;-737.28
166,5;-737.28
166,625;-786.432
166,75;-737.28
166,875;-720.8960000000001
167;-737.28
167,125;-720.8960000000001
167,25;-802.816
167,375;-770.048
167,5;-753.664
167,625;-737.28
167,75;-688.128
167,875;-753.664
168;-737.28
168,125;-753.664
168,25;-753.664
168,375;-720.8960000000001
168,5;-753.664
168,625;-720.8960000000001
168,75;-770.048
168,875;-786.432
169;-737.28
169,125;-753.664
169,25;-786.432
169,375;-770.048
169,5;-802.816
169,625;-737.28
169,75;-720.8960000000001
169,875;-720.8960000000001
170;-720.8960000000001
170,125;-786.432
170,25;-770.048
170,375;-802.816
170,5;-753.664
170,625;-704.512
170,75;-720.8960000000001
170,875;-720.8960000000001
171;-737.28
171,125;-737.28
171,25;-720.8960000000001
171,375;-737.28
171,5;-720.8960000000001
171,625;-704.512
171,75;-753.664
171,875;-720.8960000000001
172;-753.664
172,125;-753.664
172,25;-753.664
172,375;-786.432
172,5;-770.048
172,625;-753.664
172,75;-720.8960000000001
172,875;-688.128
173;-704.512
173,125;-737.28
173,25;-753.664
173,375;-786.432
173,5;-704.512
173,625;-688.128
173,75;-655.36
173,875;-753.664
174;-933.888
174,125;-1032.192
174,25;-917.5039999999999
174,375;-770.048
174,5;-622.592
174,625;-655.36
174,75;-704.512
174,875;-720.8960000000001
175;-720.8960000000001
175,125;-737.28
175,25;-737.28
175,375;-737.28
175,5;-720.8960000000001
175,625;-737.28
175,75;-720.8960000000001
175,875;-737.28
176;-704.512
176,125;-720.8960000000001
176,25;-737.28
176,375;-737.28
176,5;-753.664
176,625;-737.28
176,75;-720.8960000000001
176,875;-737.28
177;-688.128
177,125;-688.128
177,25;-688.128
177,375;-671.7439999999999
177,5;-720.8960000000001
177,625;-720.8960000000001
177,75;-737.28
177,875;-753.664
178;-720.8960000000001
178,125;-770.048
178,25;-770.048
178,375;-770.048
178,5;-786.432
178,625;-786.432
178,75;-802.816
178,875;-786.432
179;-770.048
179,125;-786.432
179,25;-737.28
179,375;-770.048
179,5;-753.664
179,625;-753.664
179,75;-770.048
179,875;-753.664
180;-786.432
180,125;-770.048
180,25;-737.28
180,375;-753.664
180,5;-737.28
180,625;-770.048
180,75;-786.432
180,875;-770.048
181;-786.432
181,125;-753.664
181,25;-753.664
181,375;-770.048
181,5;-770.048
181,625;-786.432
181,75;-770.048
181,875;-737.28
182;-753.664
182,125;-720.8960000000001
182,25;-737.28
182,375;-737.28
182,5;-737.28
182,625;-753.664
182,75;-753.664
182,875;-737.28
183;-737.28
183,125;-737.28
183,25;-753.664
183,375;-753.664
183,5;-753.664
183,625;-737.28
183,75;-720.8960000000001
183,875;-753.664
184;-753.664
184,125;-786.432
184,25;-786.432
184,375;-737.28
184,5;-770.048
184,625;-753.664
184,75;-737.28
184,875;-753.664
185;-753.664
185,125;-737.28
185,25;-753.664
185,375;-720.8960000000001
185,5;-704.512
185,625;-671.7439999999999
185,75;-835.584
185,875;-999.424
186;-1064.96
186,125;-901.12
186,25;-704.512
186,375;-622.592
186,5;-704.512
186,625;-704.512
186,75;-720.8960000000001
186,875;-737.28
187;-753.664
187,125;-770.048
187,25;-770.048
187,375;-753.664
187,5;-753.664
187,625;-737.28
187,75;-737.28
187,875;-737.28
188;-720.8960000000001
188,125;-737.28
188,25;-753.664
188,375;-737.28
188,5;-720.8960000000001
188,625;-720.8960000000001
188,75;-720.8960000000001
188,875;-753.664
189;-737.28
189,125;-720.8960000000001
189,25;-753.664
189,375;-737.28
189,5;-753.664
189,625;-737.28
189,75;-720.8960000000001
189,875;-720.8960000000001
190;-770.048
190,125;-753.664
190,25;-802.816
190,375;-819.2
190,5;-819.2
190,625;-770.048
190,75;-737.28
190,875;-737.28
191;-770.048
191,125;-786.432
191,25;-802.816
191,375;-770.048
191,5;-753.664
191,625;-720.8960000000001
191,75;-737.28
191,875;-770.048
192;-753.664
192,125;-753.664
192,25;-770.048
192,375;-753.664
192,5;-753.664
192,625;-753.664
192,75;-737.28
192,875;-737.28
193;-770.048
193,125;-770.048
193,25;-786.432
193,375;-786.432
193,5;-770.048
193,625;-753.664
193,75;-753.664
193,875;-786.432
194;-770.048
194,125;-770.048
194,25;-770.048
194,375;-753.664
194,5;-770.048
194,625;-737.28
194,75;-720.8960000000001
194,875;-720.8960000000001
195;-737.28
195,125;-753.664
195,25;-786.432
195,375;-819.2
195,5;-802.816
195,625;-770.048
195,75;-786.432
195,875;-737.28
196;-753.664
196,125;-753.664
196,25;-753.664
196,375;-737.28
196,5;-835.584
196,625;-999.424
196,75;-1064.96
196,875;-933.888
197;-720.8960000000001
197,125;-622.592
197,25;-688.128
197,375;-720.8960000000001
197,5;-737.28
197,625;-720.8960000000001
197,75;-753.664
197,875;-737.28
198;-753.664
198,125;-737.28
198,25;-753.664
198,375;-720.8960000000001
198,5;-737.28
198,625;-720.8960000000001
198,75;-737.28
198,875;-753.664
199;-737.28
199,125;-737.28
199,25;-737.28
199,375;-737.28
199,5;-720.8960000000001
199,625;-737.28
199,75;-704.512
199,875;-720.8960000000001
200;-704.512
200,125;-704.512
200,25;-737.28
200,375;-770.048
200,5;-802.816
200,625;-802.816
200,75;-753.664
200,875;-720.8960000000001
201;-720.8960000000001
201,125;-753.664
201,25;-770.048
201,375;-786.432
201,5;-786.432
201,625;-753.664
201,75;-737.28
201,875;-737.28
202;-770.048
202,125;-770.048
202,25;-753.664
202,375;-737.28
202,5;-737.28
202,625;-737.28
202,75;-737.28
202,875;-753.664
203;-737.28
203,125;-770.048
203,25;-770.048
203,375;-753.664
203,5;-770.048
203,625;-753.664
203,75;-720.8960000000001
203,875;-737.28
204;-737.28
204,125;-737.28
204,25;-770.048
204,375;-786.432
204,5;-737.28
204,625;-737.28
204,75;-753.664
204,875;-770.048
205;-770.048
205,125;-770.048
205,25;-753.664
205,375;-753.664
205,5;-753.664
205,625;-753.664
205,75;-737.28
205,875;-786.432
206;-786.432
206,125;-770.048
206,25;-753.664
206,375;-671.7439999999999
206,5;-688.128
206,625;-884.7360000000001
206,75;-1032.192
206,875;-1081.344
207;-884.7360000000001
207,125;-688.128
207,25;-606.2080000000001
207,375;-671.7439999999999
207,5;-688.128
207,625;-704.512
207,75;-704.512
207,875;-704.512
208;-737.28
208,125;-720.8960000000001
208,25;-737.28
208,375;-720.8960000000001
208,5;-737.28
208,625;-720.8960000000001
208,75;-737.28
208,875;-737.28
209;-753.664
209,125;-753.664
209,25;-720.8960000000001
209,375;-720.8960000000001
209,5;-704.512
209,625;-704.512
209,75;-688.128
209,875;-704.512
210;-688.128
210,125;-704.512
210,25;-720.8960000000001
210,375;-737.28
210,5;-737.28
210,625;-737.28
210,75;-753.664
210,875;-770.048
211;-802.816
211,125;-819.2
211,25;-802.816
211,375;-802.816
211,5;-802.816
211,625;-786.432
211,75;-786.432
211,875;-753.664
212;-737.28
212,125;-737.28
212,25;-802.816
212,375;-802.816
212,5;-802.816
212,625;-786.432
212,75;-802.816
212,875;-770.048
213;-802.816
213,125;-786.432
213,25;-786.432
213,375;-770.048
213,5;-802.816
213,625;-786.432
213,75;-786.432
213,875;-786.432
214;-786.432
214,125;-786.432
214,25;-770.048
214,375;-770.048
214,5;-753.664
214,625;-753.664
214,75;-786.432
214,875;-786.432
215;-802.816
215,125;-786.432
215,25;-786.432
215,375;-786.432
215,5;-802.816
215,625;-802.816
215,75;-786.432
215,875;-786.432
216;-753.664
216,125;-720.8960000000001
216,25;-851.9680000000001
216,375;-1015.808
216,5;-1097.728
216,625;-950.2719999999999
216,75;-737.28
216,875;-638.976
217;-720.8960000000001
217,125;-753.664
217,25;-753.664
217,375;-770.048
217,5;-770.048
217,625;-770.048
217,75;-753.664
217,875;-786.432
218;-802.816
218,125;-786.432
218,25;-802.816
218,375;-802.816
218,5;-802.816
218,625;-770.048
218,75;-753.664
218,875;-753.664
219;-786.432
219,125;-786.432
219,25;-802.816
219,375;-753.664
219,5;-737.28
219,625;-753.664
219,75;-753.664
219,875;-753.664
220;-786.432
220,125;-786.432
220,25;-819.2
220,375;-819.2
220,5;-802.816
220,625;-819.2
220,75;-819.2
220,875;-819.2
221;-851.9680000000001
221,125;-835.584
221,25;-835.584
221,375;-819.2
221,5;-786.432
221,625;-835.584
221,75;-819.2
221,875;-835.584
222;-819.2
222,125;-802.816
222,25;-835.584
222,375;-802.816
222,5;-786.432
222,625;-802.816
222,75;-802.816
222,875;-851.9680000000001
223;-835.584
223,125;-851.9680000000001
223,25;-868.352
223,375;-819.2
223,5;-851.9680000000001
223,625;-868.352
223,75;-851.9680000000001
223,875;-868.352
224;-835.584
224,125;-835.584
224,25;-868.352
224,375;-851.9680000000001
224,5;-868.352
224,625;-868.352
224,75;-835.584
224,875;-851.9680000000001
225;-835.584
225,125;-851.9680000000001
225,25;-851.9680000000001
225,375;-819.2
225,5;-802.816
225,625;-917.5039999999999
225,75;-1064.96
225,875;-1146.88
226;-1015.808
226,125;-819.2
226,25;-753.664
226,375;-786.432
226,5;-819.2
226,625;-819.2
226,75;-819.2
226,875;-770.048
227;-802.816
227,125;-835.584
227,25;-868.352
227,375;-884.7360000000001
227,5;-835.584
227,625;-786.432
227,75;-835.584
227,875;-819.2
228;-835.584
228,125;-835.584
228,25;-819.2
228,375;-819.2
228,5;-802.816
228,625;-802.816
228,75;-835.584
228,875;-819.2
229;-835.584
229,125;-819.2
229,25;-802.816
229,375;-819.2
229,5;-786.432
229,625;-851.9680000000001
229,75;-835.584
229,875;-835.584
230;-868.352
230,125;-835.584
230,25;-868.352
230,375;-868.352
230,5;-819.2
230,625;-851.9680000000001
230,75;-835.584
230,875;-851.9680000000001
231;-868.352
231,125;-851.9680000000001
231,25;-868.352
231,375;-835.584
231,5;-851.9680000000001
231,625;-851.9680000000001
231,75;-802.816
231,875;-835.584
232;-851.9680000000001
232,125;-851.9680000000001
232,25;-851.9680000000001
232,375;-802.816
232,5;-835.584
232,625;-851.9680000000001
232,75;-851.9680000000001
232,875;-851.9680000000001
233;-835.584
233,125;-851.9680000000001
233,25;-868.352
233,375;-851.9680000000001
233,5;-868.352
233,625;-851.9680000000001
233,75;-868.352
233,875;-884.7360000000001
234;-819.2
234,125;-835.584
234,25;-802.816
234,375;-770.048
234,5;-819.2
234,625;-786.432
234,75;-851.9680000000001
234,875;-1015.808
235;-1130.496
235,125;-1097.728
235,25;-884.7360000000001
235,375;-737.28
235,5;-753.664
235,625;-770.048
235,75;-802.816
235,875;-770.048
236;-819.2
236,125;-819.2
236,25;-770.048
236,375;-835.584
236,5;-819.2
236,625;-835.584
236,75;-819.2
236,875;-802.816
237;-835.584
237,125;-835.584
237,25;-819.2
237,375;-819.2
237,5;-819.2
237,625;-851.9680000000001
237,75;-835.584
237,875;-802.816
238;-819.2
238,125;-802.816
238,25;-802.816
238,375;-786.432
238,5;-770.048
238,625;-802.816
238,75;-802.816
238,875;-835.584
239;-819.2
239,125;-835.584
239,25;-851.9680000000001
239,375;-835.584
239,5;-835.584
239,625;-851.9680000000001
239,75;-819.2
239,875;-835.584
240;-851.9680000000001
240,125;-868.352
240,25;-884.7360000000001
240,375;-835.584
240,5;-835.584
240,625;-851.9680000000001
240,75;-819.2
240,875;-835.584
241;-802.816
241,125;-851.9680000000001
241,25;-835.584
241,375;-851.9680000000001
241,5;-868.352
241,625;-851.9680000000001
241,75;-851.9680000000001
241,875;-851.9680000000001
242;-802.816
242,125;-835.584
242,25;-819.2
242,375;-851.9680000000001
242,5;-851.9680000000001
242,625;-835.584
242,75;-868.352
242,875;-868.352
243;-835.584
243,125;-851.9680000000001
243,25;-835.584
243,375;-835.584
243,5;-851.9680000000001
243,625;-851.9680000000001
243,75;-884.7360000000001
243,875;-851.9680000000001
244;-835.584
244,125;-786.432
244,25;-851.9680000000001
244,375;-1032.192
244,5;-1146.88
244,625;-1048.576
244,75;-851.9680000000001
244,875;-704.512
245;-737.28
245,125;-770.048
245,25;-819.2
245,375;-819.2
245,5;-802.816
245,625;-835.584
245,75;-819.2
245,875;-786.432
246;-802.816
246,125;-786.432
246,25;-835.584
246,375;-819.2
246,5;-802.816
246,625;-819.2
246,75;-802.816
246,875;-819.2
247;-819.2
247,125;-802.816
247,25;-835.584
247,375;-786.432
247,5;-786.432
247,625;-802.816
247,75;-786.432
247,875;-819.2
248;-786.432
248,125;-770.048
248,25;-819.2
248,375;-835.584
248,5;-868.352
248,625;-868.352
248,75;-835.584
248,875;-835.584
249;-819.2
249,125;-851.9680000000001
249,25;-835.584
249,375;-819.2
249,5;-835.584
249,625;-802.816
249,75;-835.584
249,875;-835.584
250;-802.816
250,125;-851.9680000000001
250,25;-851.9680000000001
250,375;-884.7360000000001
250,5;-884.7360000000001
250,625;-802.816
250,75;-835.584
250,875;-819.2
251;-851.9680000000001
251,125;-868.352
251,25;-802.816
251,375;-835.584
251,5;-851.9680000000001
251,625;-835.584
251,75;-884.7360000000001
251,875;-835.584
252;-851.9680000000001
252,125;-884.7360000000001
252,25;-851.9680000000001
252,375;-917.5039999999999
252,5;-835.584
252,625;-868.352
252,75;-851.9680000000001
252,875;-868.352
253;-901.12
253,125;-851.9680000000001
253,25;-868.352
253,375;-868.352
253,5;-819.2
253,625;-851.9680000000001
253,75;-835.584
253,875;-851.9680000000001
254;-884.7360000000001
254,125;-851.9680000000001
254,25;-802.816
254,375;-819.2
254,5;-917.5039999999999
254,625;-1114.112
254,75;-1163.264
254,875;-1015.808
255;-851.9680000000001
255,125;-737.28
255,25;-786.432
255,375;-770.048
255,5;-786.432
255,625;-819.2
255,75;-802.816
255,875;-835.584
256;-819.2
256,125;-835.584
256,25;-868.352
256,375;-868.352
256,5;-884.7360000000001
256,625;-884.7360000000001
256,75;-835.584
256,875;-835.584
257;-802.816
257,125;-802.816
257,25;-819.2
257,375;-819.2
257,5;-835.584
257,625;-819.2
257,75;-819.2
257,875;-802.816
258;-802.816
258,125;-835.584
258,25;-802.816
258,375;-868.352
258,5;-868.352
258,625;-835.584
258,75;-868.352
258,875;-851.9680000000001
259;-851.9680000000001
259,125;-884.7360000000001
259,25;-835.584
259,375;-884.7360000000001
259,5;-884.7360000000001
259,625;-868.352
259,75;-933.888
259,875;-884.7360000000001
260;-884.7360000000001
260,125;-868.352
260,25;-868.352
260,375;-917.5039999999999
260,5;-868.352
260,625;-868.352
260,75;-868.352
260,875;-851.9680000000001
261;-933.888
261,125;-933.888
261,25;-966.6560000000001
261,375;-933.888
261,5;-868.352
261,625;-851.9680000000001
261,75;-819.2
261,875;-835.584
262;-884.7360000000001
262,125;-868.352
262,25;-901.12
262,375;-851.9680000000001
262,5;-819.2
262,625;-901.12
262,75;-884.7360000000001
262,875;-884.7360000000001
263;-851.9680000000001
263,125;-835.584
263,25;-884.7360000000001
263,375;-884.7360000000001
263,5;-868.352
263,625;-884.7360000000001
263,75;-819.2
263,875;-884.7360000000001
264;-868.352
264,125;-868.352
264,25;-884.7360000000001
264,375;-835.584
264,5;-851.9680000000001
264,625;-868.352
264,75;-868.352
264,875;-917.5039999999999
265;-901.12
265,125;-835.584
265,25;-835.584
265,375;-802.816
265,5;-1064.96
265,625;-1179.6480000000001
265,75;-1130.496
265,875;-950.2719999999999
266;-737.28
266,125;-704.512
266,25;-770.048
266,375;-802.816
266,5;-835.584
266,625;-835.584
266,75;-835.584
266,875;-851.9680000000001
267;-835.584
267,125;-868.352
267,25;-819.2
267,375;-851.9680000000001
267,5;-884.7360000000001
267,625;-851.9680000000001
267,75;-884.7360000000001
267,875;-819.2
268;-835.584
268,125;-884.7360000000001
268,25;-835.584
268,375;-884.7360000000001
268,5;-819.2
268,625;-819.2
268,75;-851.9680000000001
268,875;-819.2
269;-884.7360000000001
269,125;-835.584
269,25;-868.352
269,375;-901.12
269,5;-884.7360000000001
269,625;-917.5039999999999
269,75;-917.5039999999999
269,875;-868.352
270;-933.888
270,125;-868.352
270,25;-901.12
270,375;-917.5039999999999
270,5;-901.12
270,625;-917.5039999999999
270,75;-901.12
270,875;-884.7360000000001
271;-950.2719999999999
271,125;-917.5039999999999
271,25;-950.2719999999999
271,375;-868.352
271,5;-884.7360000000001
271,625;-933.888
271,75;-901.12
271,875;-901.12
272;-901.12
272,125;-917.5039999999999
272,25;-999.424
272,375;-966.6560000000001
272,5;-950.2719999999999
272,625;-933.888
272,75;-917.5039999999999
272,875;-966.6560000000001
273;-950.2719999999999
273,125;-999.424
273,25;-999.424
273,375;-999.424
273,5;-1015.808
273,625;-966.6560000000001
273,75;-1015.808
273,875;-999.424
274;-1015.808
274,125;-983.04
274,25;-950.2719999999999
274,375;-983.04
274,5;-983.04
274,625;-983.04
274,75;-983.04
274,875;-966.6560000000001
275;-950.2719999999999
275,125;-983.04
275,25;-950.2719999999999
275,375;-966.6560000000001
275,5;-933.888
275,625;-884.7360000000001
275,75;-917.5039999999999
275,875;-868.352
276;-901.12
276,125;-950.2719999999999
276,25;-868.352
276,375;-884.7360000000001
276,5;-851.9680000000001
276,625;-999.424
276,75;-1245.184
276,875;-1245.184
277;-1097.728
277,125;-868.352
277,25;-786.432
277,375;-851.9680000000001
277,5;-901.12
277,625;-950.2719999999999
277,75;-950.2719999999999
277,875;-950.2719999999999
278;-950.2719999999999
278,125;-933.888
278,25;-933.888
278,375;-950.2719999999999
278,5;-950.2719999999999
278,625;-999.424
278,75;-950.2719999999999
278,875;-966.6560000000001
279;-966.6560000000001
279,125;-966.6560000000001
279,25;-966.6560000000001
279,375;-917.5039999999999
279,5;-933.888
279,625;-917.5039999999999
279,75;-901.12
279,875;-950.2719999999999
280;-917.5039999999999
280,125;-917.5039999999999
280,25;-933.888
280,375;-901.12
280,5;-950.2719999999999
280,625;-917.5039999999999
280,75;-933.888
280,875;-950.2719999999999
281;-933.888
281,125;-950.2719999999999
281,25;-933.888
281,375;-950.2719999999999
281,5;-983.04
281,625;-950.2719999999999
281,75;-917.5039999999999
281,875;-933.888
282;-917.5039999999999
282,125;-950.2719999999999
282,25;-950.2719999999999
282,375;-966.6560000000001
282,5;-966.6560000000001
282,625;-933.888
282,75;-950.2719999999999
282,875;-917.5039999999999
283;-950.2719999999999
283,125;-966.6560000000001
283,25;-933.888
283,375;-966.6560000000001
283,5;-917.5039999999999
283,625;-917.5039999999999
283,75;-933.888
283,875;-917.5039999999999
284;-917.5039999999999
284,125;-933.888
284,25;-917.5039999999999
284,375;-966.6560000000001
284,5;-917.5039999999999
284,625;-901.12
284,75;-933.888
284,875;-933.888
285;-917.5039999999999
285,125;-901.12
285,25;-933.888
285,375;-966.6560000000001
285,5;-917.5039999999999
285,625;-917.5039999999999
285,75;-884.7360000000001
285,875;-901.12
286;-966.6560000000001
286,125;-917.5039999999999
286,25;-917.5039999999999
286,375;-917.5039999999999
286,5;-884.7360000000001
286,625;-933.888
286,75;-884.7360000000001
286,875;-901.12
287;-868.352
287,125;-868.352
287,25;-917.5039999999999
287,375;-901.12
287,5;-835.584
287,625;-884.7360000000001
287,75;-999.424
287,875;-1179.6480000000001
288;-1130.496
288,125;-950.2719999999999
288,25;-819.2
288,375;-753.664
288,5;-835.584
288,625;-802.816
288,75;-802.816
288,875;-884.7360000000001
289;-835.584
289,125;-851.9680000000001
289,25;-851.9680000000001
289,375;-868.352
289,5;-917.5039999999999
289,625;-868.352
289,75;-851.9680000000001
289,875;-868.352
290;-851.9680000000001
290,125;-868.352
290,25;-819.2
290,375;-819.2
290,5;-851.9680000000001
290,625;-802.816
290,75;-835.584
290,875;-786.432
291;-802.816
291,125;-851.9680000000001
291,25;-835.584
291,375;-851.9680000000001
291,5;-802.816
291,625;-770.048
291,75;-835.584
291,875;-802.816
292;-835.584
292,125;-868.352
292,25;-884.7360000000001
292,375;-933.888
292,5;-851.9680000000001
292,625;-802.816
292,75;-835.584
292,875;-835.584
293;-917.5039999999999
293,125;-851.9680000000001
293,25;-851.9680000000001
293,375;-868.352
293,5;-835.584
293,625;-851.9680000000001
293,75;-835.584
293,875;-802.816
294;-884.7360000000001
294,125;-835.584
294,25;-851.9680000000001
294,375;-835.584
294,5;-835.584
294,625;-917.5039999999999
294,75;-851.9680000000001
294,875;-851.9680000000001
295;-868.352
295,125;-851.9680000000001
295,25;-884.7360000000001
295,375;-819.2
295,5;-835.584
295,625;-851.9680000000001
295,75;-835.584
295,875;-868.352
296;-802.816
296,125;-819.2
296,25;-868.352
296,375;-802.816
296,5;-851.9680000000001
296,625;-819.2
296,75;-802.816
296,875;-868.352
297;-819.2
297,125;-851.9680000000001
297,25;-851.9680000000001
297,375;-851.9680000000001
297,5;-901.12
297,625;-819.2
297,75;-868.352
297,875;-901.12
298;-835.584
298,125;-868.352
298,25;-786.432
298,375;-770.048
298,5;-917.5039999999999
298,625;-1114.112
298,75;-1212.4160000000002
298,875;-1064.96
299;-851.9680000000001
299,125;-737.28
299,25;-737.28
299,375;-786.432
299,5;-737.28
299,625;-770.048
299,75;-786.432
299,875;-786.432
300;-802.816
300,125;-819.2
300,25;-786.432
300,375;-802.816
300,5;-786.432
300,625;-770.048
300,75;-786.432
300,875;-802.816
301;-802.816
301,125;-786.432
301,25;-786.432
301,375;-819.2
301,5;-770.048
301,625;-770.048
301,75;-753.664
301,875;-753.664
302;-770.048
302,125;-770.048
302,25;-802.816
302,375;-786.432
302,5;-770.048
302,625;-802.816
302,75;-786.432
302,875;-851.9680000000001
303;-868.352
303,125;-819.2
303,25;-868.352
303,375;-819.2
303,5;-819.2
303,625;-868.352
303,75;-851.9680000000001
303,875;-901.12
304;-884.7360000000001
304,125;-851.9680000000001
304,25;-868.352
304,375;-835.584
304,5;-851.9680000000001
304,625;-802.816
304,75;-819.2
304,875;-884.7360000000001
305;-835.584
305,125;-868.352
305,25;-835.584
305,375;-835.584
305,5;-868.352
305,625;-835.584
305,75;-819.2
305,875;-851.9680000000001
306;-819.2
306,125;-851.9680000000001
306,25;-802.816
306,375;-819.2
306,5;-851.9680000000001
306,625;-851.9680000000001
306,75;-868.352
306,875;-868.352
307;-835.584
307,125;-851.9680000000001
307,25;-819.2
307,375;-835.584
307,5;-851.9680000000001
307,625;-851.9680000000001
307,75;-868.352
307,875;-851.9680000000001
308;-868.352
308,125;-868.352
308,25;-851.9680000000001
308,375;-868.352
308,5;-802.816
308,625;-835.584
308,75;-884.7360000000001
308,875;-868.352
309;-819.2
309,125;-770.048
309,25;-851.9680000000001
309,375;-1081.344
309,5;-1212.4160000000002
309,625;-1146.88
309,75;-950.2719999999999
309,875;-704.512
310;-688.128
310,125;-720.8960000000001
310,25;-753.664
310,375;-786.432
310,5;-770.048
310,625;-786.432
310,75;-802.816
310,875;-786.432
311;-802.816
311,125;-786.432
311,25;-819.2
311,375;-786.432
311,5;-819.2
311,625;-851.9680000000001
311,75;-835.584
311,875;-802.816
312;-770.048
312,125;-786.432
312,25;-835.584
312,375;-802.816
312,5;-835.584
312,625;-802.816
312,75;-786.432
312,875;-819.2
313;-802.816
313,125;-851.9680000000001
313,25;-819.2
313,375;-802.816
313,5;-851.9680000000001
313,625;-819.2
313,75;-851.9680000000001
313,875;-851.9680000000001
314;-851.9680000000001
314,125;-884.7360000000001
314,25;-851.9680000000001
314,375;-868.352
314,5;-884.7360000000001
314,625;-851.9680000000001
314,75;-884.7360000000001
314,875;-819.2
315;-802.816
315,125;-868.352
315,25;-835.584
315,375;-868.352
315,5;-851.9680000000001
315,625;-851.9680000000001
315,75;-901.12
315,875;-835.584
316;-835.584
316,125;-868.352
316,25;-851.9680000000001
316,375;-917.5039999999999
316,5;-851.9680000000001
316,625;-835.584
316,75;-819.2
316,875;-819.2
317;-884.7360000000001
317,125;-835.584
317,25;-868.352
317,375;-901.12
317,5;-868.352
317,625;-868.352
317,75;-851.9680000000001
317,875;-851.9680000000001
318;-917.5039999999999
318,125;-835.584
318,25;-868.352
318,375;-868.352
318,5;-868.352
318,625;-950.2719999999999
318,75;-868.352
318,875;-868.352
319;-835.584
319,125;-835.584
319,25;-917.5039999999999
319,375;-851.9680000000001
319,5;-851.9680000000001
319,625;-868.352
319,75;-851.9680000000001
319,875;-851.9680000000001
320;-802.816
320,125;-950.2719999999999
320,25;-1146.88
320,375;-1179.6480000000001
320,5;-1032.192
320,625;-786.432
320,75;-704.512
320,875;-786.432
321;-786.432
321,125;-835.584
321,25;-819.2
321,375;-786.432
321,5;-835.584
321,625;-786.432
321,75;-819.2
321,875;-835.584
322;-802.816
322,125;-851.9680000000001
322,25;-802.816
322,375;-819.2
322,5;-851.9680000000001
322,625;-851.9680000000001
322,75;-835.584
322,875;-819.2
323;-786.432
323,125;-835.584
323,25;-819.2
323,375;-851.9680000000001
323,5;-819.2
323,625;-819.2
323,75;-851.9680000000001
323,875;-819.2
324;-835.584
324,125;-835.584
324,25;-819.2
324,375;-884.7360000000001
324,5;-835.584
324,625;-868.352
324,75;-901.12
324,875;-835.584
325;-884.7360000000001
325,125;-851.9680000000001
325,25;-835.584
325,375;-851.9680000000001
325,5;-851.9680000000001
325,625;-884.7360000000001
325,75;-868.352
325,875;-835.584
326;-884.7360000000001
326,125;-819.2
326,25;-851.9680000000001
326,375;-851.9680000000001
326,5;-851.9680000000001
326,625;-884.7360000000001
326,75;-835.584
326,875;-819.2
327;-835.584
327,125;-835.584
327,25;-884.7360000000001
327,375;-835.584
327,5;-884.7360000000001
327,625;-901.12
327,75;-851.9680000000001
327,875;-884.7360000000001
328;-835.584
328,125;-884.7360000000001
328,25;-917.5039999999999
328,375;-868.352
328,5;-868.352
328,625;-851.9680000000001
328,75;-802.816
328,875;-851.9680000000001
329;-819.2
329,125;-868.352
329,25;-851.9680000000001
329,375;-851.9680000000001
329,5;-884.7360000000001
329,625;-835.584
329,75;-851.9680000000001
329,875;-851.9680000000001
330;-819.2
330,125;-868.352
330,25;-835.584
330,375;-835.584
330,5;-884.7360000000001
330,625;-802.816
330,75;-802.816
330,875;-802.816
331;-983.04
331,125;-1146.88
331,25;-1130.496
331,375;-966.6560000000001
331,5;-753.664
331,625;-688.128
331,75;-753.664
331,875;-770.048
332;-819.2
332,125;-802.816
332,25;-770.048
332,375;-819.2
332,5;-786.432
332,625;-819.2
332,75;-819.2
332,875;-819.2
333;-851.9680000000001
333,125;-802.816
333,25;-819.2
333,375;-851.9680000000001
333,5;-835.584
333,625;-851.9680000000001
333,75;-802.816
333,875;-802.816
334;-819.2
334,125;-770.048
334,25;-802.816
334,375;-770.048
334,5;-786.432
334,625;-819.2
334,75;-770.048
334,875;-819.2
335;-802.816
335,125;-819.2
335,25;-868.352
335,375;-819.2
335,5;-868.352
335,625;-901.12
335,75;-835.584
335,875;-884.7360000000001
336;-835.584
336,125;-835.584
336,25;-884.7360000000001
336,375;-835.584
336,5;-868.352
336,625;-868.352
336,75;-835.584
336,875;-884.7360000000001
337;-802.816
337,125;-819.2
337,25;-851.9680000000001
337,375;-868.352
337,5;-933.888
337,625;-835.584
337,75;-819.2
337,875;-819.2
338;-819.2
338,125;-901.12
338,25;-868.352
338,375;-851.9680000000001
338,5;-868.352
338,625;-819.2
338,75;-884.7360000000001
338,875;-851.9680000000001
339;-884.7360000000001
339,125;-901.12
339,25;-851.9680000000001
339,375;-868.352
339,5;-819.2
339,625;-819.2
339,75;-917.5039999999999
339,875;-901.12
340;-917.5039999999999
340,125;-901.12
340,25;-868.352
340,375;-917.5039999999999
340,5;-851.9680000000001
340,625;-868.352
340,75;-917.5039999999999
340,875;-835.584
341;-901.12
341,125;-835.584
341,25;-868.352
341,375;-917.5039999999999
341,5;-901.12
341,625;-868.352
341,75;-819.2
341,875;-868.352
342;-1114.112
342,125;-1196.032
342,25;-1064.96
342,375;-851.9680000000001
342,5;-688.128
342,625;-704.512
342,75;-720.8960000000001
342,875;-753.664
343;-770.048
343,125;-786.432
343,25;-819.2
343,375;-802.816
343,5;-802.816
343,625;-835.584
343,75;-819.2
343,875;-851.9680000000001
344;-819.2
344,125;-835.584
344,25;-868.352
344,375;-868.352
344,5;-851.9680000000001
344,625;-835.584
344,75;-786.432
344,875;-835.584
345;-786.432
345,125;-835.584
345,25;-835.584
345,375;-835.584
345,5;-884.7360000000001
345,625;-802.816
345,75;-802.816
345,875;-819.2
346;-819.2
346,125;-884.7360000000001
346,25;-835.584
346,375;-901.12
346,5;-901.12
346,625;-868.352
346,75;-901.12
346,875;-835.584
347;-868.352
347,125;-917.5039999999999
347,25;-851.9680000000001
347,375;-933.888
347,5;-901.12
347,625;-868.352
347,75;-917.5039999999999
347,875;-851.9680000000001
348;-884.7360000000001
348,125;-917.5039999999999
348,25;-901.12
348,375;-950.2719999999999
348,5;-884.7360000000001
348,625;-901.12
348,75;-851.9680000000001
348,875;-868.352
349;-917.5039999999999
349,125;-851.9680000000001
349,25;-868.352
349,375;-901.12
349,5;-868.352
349,625;-901.12
349,75;-868.352
349,875;-868.352
350;-933.888
350,125;-868.352
350,25;-884.7360000000001
350,375;-851.9680000000001
350,5;-851.9680000000001
350,625;-901.12
350,75;-851.9680000000001
350,875;-901.12
351;-884.7360000000001
351,125;-868.352
351,25;-917.5039999999999
351,375;-868.352
351,5;-901.12
351,625;-917.5039999999999
351,75;-884.7360000000001
351,875;-901.12
352;-851.9680000000001
352,125;-868.352
352,25;-884.7360000000001
352,375;-835.584
352,5;-868.352
352,625;-917.5039999999999
352,75;-835.584
352,875;-819.2
353;-917.5039999999999
353,125;-1163.264
353,25;-1245.184
353,375;-1097.728
353,5;-835.584
353,625;-720.8960000000001
353,75;-737.28
353,875;-786.432
354;-770.048
354,125;-835.584
354,25;-819.2
354,375;-851.9680000000001
354,5;-835.584
354,625;-819.2
354,75;-835.584
354,875;-802.816
355;-835.584
355,125;-868.352
355,25;-868.352
355,375;-868.352
355,5;-819.2
355,625;-786.432
355,75;-819.2
355,875;-802.816
356;-851.9680000000001
356,125;-835.584
356,25;-786.432
356,375;-835.584
356,5;-802.816
356,625;-835.584
356,75;-819.2
356,875;-802.816
357;-835.584
357,125;-819.2
357,25;-851.9680000000001
357,375;-868.352
357,5;-835.584
357,625;-868.352
357,75;-868.352
357,875;-868.352
358;-884.7360000000001
358,125;-835.584
358,25;-819.2
358,375;-802.816
358,5;-835.584
358,625;-901.12
358,75;-851.9680000000001
358,875;-835.584
359;-819.2
359,125;-786.432
359,25;-868.352
359,375;-819.2
359,5;-884.7360000000001
359,625;-901.12
359,75;-851.9680000000001
359,875;-884.7360000000001
360;-851.9680000000001
360,125;-868.352
360,25;-901.12
360,375;-868.352
360,5;-901.12
360,625;-868.352
360,75;-835.584
360,875;-884.7360000000001
361;-819.2
361,125;-868.352
361,25;-851.9680000000001
361,375;-851.9680000000001
361,5;-917.5039999999999
361,625;-851.9680000000001
361,75;-851.9680000000001
361,875;-819.2
362;-819.2
362,125;-884.7360000000001
362,25;-868.352
362,375;-851.9680000000001
362,5;-851.9680000000001
362,625;-819.2
362,75;-868.352
362,875;-835.584
363;-819.2
363,125;-851.9680000000001
363,25;-835.584
363,375;-835.584
363,5;-868.352
363,625;-786.432
363,75;-770.048
363,875;-868.352
364;-1114.112
364,125;-1212.4160000000002
364,25;-1064.96
364,375;-868.352
364,5;-737.28
364,625;-753.664
364,75;-819.2
364,875;-802.816
365;-868.352
365,125;-835.584
365,25;-851.9680000000001
365,375;-868.352
365,5;-851.9680000000001
365,625;-835.584
365,75;-835.584
365,875;-802.816
366;-819.2
366,125;-802.816
366,25;-835.584
366,375;-835.584
366,5;-819.2
366,625;-835.584
366,75;-786.432
366,875;-819.2
367;-819.2
367,125;-819.2
367,25;-835.584
367,375;-835.584
367,5;-835.584
367,625;-851.9680000000001
367,75;-851.9680000000001
367,875;-884.7360000000001
368;-835.584
368,125;-851.9680000000001
368,25;-901.12
368,375;-868.352
368,5;-868.352
368,625;-851.9680000000001
368,75;-835.584
368,875;-884.7360000000001
369;-851.9680000000001
369,125;-868.352
369,25;-851.9680000000001
369,375;-851.9680000000001
369,5;-917.5039999999999
369,625;-868.352
369,75;-851.9680000000001
369,875;-835.584
370;-851.9680000000001
370,125;-901.12
370,25;-835.584
370,375;-835.584
370,5;-851.9680000000001
370,625;-835.584
370,75;-901.12
370,875;-868.352
371;-868.352
371,125;-901.12
371,25;-868.352
371,375;-884.7360000000001
371,5;-851.9680000000001
371,625;-851.9680000000001
371,75;-917.5039999999999
371,875;-884.7360000000001
372;-901.12
372,125;-884.7360000000001
372,25;-835.584
372,375;-868.352
372,5;-835.584
372,625;-901.12
372,75;-884.7360000000001
372,875;-884.7360000000001
373;-884.7360000000001
373,125;-851.9680000000001
373,25;-851.9680000000001
373,375;-851.9680000000001
373,5;-851.9680000000001
373,625;-868.352
373,75;-868.352
373,875;-851.9680000000001
374;-884.7360000000001
374,125;-819.2
374,25;-851.9680000000001
374,375;-819.2
374,5;-802.816
374,625;-884.7360000000001
374,75;-1130.496
374,875;-1245.184
375;-1163.264
375,125;-868.352
375,25;-737.28
375,375;-770.048
375,5;-868.352
375,625;-851.9680000000001
375,75;-819.2
375,875;-851.9680000000001
376;-819.2
376,125;-835.584
376,25;-884.7360000000001
376,375;-835.584
376,5;-868.352
376,625;-835.584
376,75;-819.2
376,875;-851.9680000000001
377;-835.584
377,125;-835.584
377,25;-868.352
377,375;-819.2
377,5;-819.2
377,625;-802.816
377,75;-819.2
377,875;-819.2
378;-802.816
378,125;-819.2
378,25;-819.2
378,375;-835.584
378,5;-868.352
378,625;-835.584
378,75;-868.352
378,875;-851.9680000000001
379;-835.584
379,125;-933.888
379,25;-933.888
379,375;-966.6560000000001
379,5;-901.12
379,625;-868.352
379,75;-884.7360000000001
379,875;-868.352
380;-884.7360000000001
380,125;-851.9680000000001
380,25;-868.352
380,375;-933.888
380,5;-868.352
380,625;-835.584
380,75;-851.9680000000001
380,875;-851.9680000000001
381;-950.2719999999999
381,125;-884.7360000000001
381,25;-884.7360000000001
381,375;-884.7360000000001
381,5;-851.9680000000001
381,625;-901.12
381,75;-884.7360000000001
381,875;-868.352
382;-901.12
382,125;-835.584
382,25;-868.352
382,375;-851.9680000000001
382,5;-884.7360000000001
382,625;-933.888
382,75;-851.9680000000001
382,875;-835.584
383;-851.9680000000001
383,125;-851.9680000000001
383,25;-933.888
383,375;-868.352
383,5;-851.9680000000001
383,625;-868.352
383,75;-868.352
383,875;-901.12
384;-884.7360000000001
384,125;-835.584
384,25;-851.9680000000001
384,375;-819.2
384,5;-884.7360000000001
384,625;-851.9680000000001
384,75;-851.9680000000001
384,875;-868.352
385;-835.584
385,125;-819.2
385,25;-819.2
385,375;-1032.192
385,5;-1228.8
385,625;-1196.032
385,75;-966.6560000000001
385,875;-720.8960000000001
386;-655.36
386,125;-770.048
386,25;-802.816
386,375;-851.9680000000001
386,5;-868.352
386,625;-835.584
386,75;-851.9680000000001
386,875;-835.584
387;-835.584
387,125;-851.9680000000001
387,25;-868.352
387,375;-917.5039999999999
387,5;-901.12
387,625;-851.9680000000001
387,75;-819.2
387,875;-802.816
388;-802.816
388,125;-819.2
388,25;-835.584
388,375;-884.7360000000001
388,5;-868.352
388,625;-884.7360000000001
388,75;-835.584
388,875;-802.816
389;-835.584
389,125;-851.9680000000001
389,25;-884.7360000000001
389,375;-868.352
389,5;-835.584
389,625;-868.352
389,75;-868.352
389,875;-884.7360000000001
390;-884.7360000000001
390,125;-851.9680000000001
390,25;-884.7360000000001
390,375;-851.9680000000001
390,5;-851.9680000000001
390,625;-917.5039999999999
390,75;-851.9680000000001
390,875;-884.7360000000001
391;-868.352
391,125;-868.352
391,25;-901.12
391,375;-884.7360000000001
391,5;-851.9680000000001
391,625;-868.352
391,75;-851.9680000000001
391,875;-933.888
392;-884.7360000000001
392,125;-868.352
392,25;-901.12
392,375;-901.12
392,5;-950.2719999999999
392,625;-917.5039999999999
392,75;-884.7360000000001
392,875;-868.352
393;-868.352
393,125;-868.352
393,25;-884.7360000000001
393,375;-917.5039999999999
393,5;-950.2719999999999
393,625;-884.7360000000001
393,75;-868.352
393,875;-835.584
394;-851.9680000000001
394,125;-933.888
394,25;-884.7360000000001
394,375;-868.352
394,5;-884.7360000000001
394,625;-884.7360000000001
394,75;-901.12
394,875;-884.7360000000001
395;-868.352
395,125;-901.12
395,25;-868.352
395,375;-819.2
395,5;-917.5039999999999
395,625;-1130.496
395,75;-1261.568
395,875;-1146.88
396;-933.888
396,125;-753.664
396,25;-819.2
396,375;-884.7360000000001
396,5;-851.9680000000001
396,625;-851.9680000000001
396,75;-851.9680000000001
396,875;-835.584
397;-868.352
397,125;-835.584
397,25;-884.7360000000001
397,375;-868.352
397,5;-851.9680000000001
397,625;-851.9680000000001
397,75;-868.352
397,875;-884.7360000000001
398;-884.7360000000001
398,125;-802.816
398,25;-835.584
398,375;-819.2
398,5;-851.9680000000001
398,625;-868.352
398,75;-819.2
398,875;-851.9680000000001
399;-851.9680000000001
399,125;-835.584
399,25;-868.352
399,375;-835.584
399,5;-901.12
399,625;-901.12
399,75;-917.5039999999999
399,875;-933.888
400;-917.5039999999999
400,125;-917.5039999999999
400,25;-950.2719999999999
400,375;-917.5039999999999
400,5;-933.888
400,625;-917.5039999999999
400,75;-933.888
400,875;-950.2719999999999
401;-884.7360000000001
401,125;-901.12
401,25;-868.352
401,375;-884.7360000000001
401,5;-933.888
401,625;-901.12
401,75;-917.5039999999999
401,875;-933.888
