,EEG
0,-819.2
1,-802.816
2,-802.816
3,-802.816
4,-819.2
5,-802.816
6,-802.816
7,-753.664
8,-753.664
9,-786.432
10,-851.968
11,-835.584
12,-802.816
13,-753.664
14,-737.28
15,-770.048
16,-786.432
17,-770.048
18,-720.896
19,-737.28
20,-884.736
21,-1032.192
22,-1032.192
23,-819.2
24,-622.592
25,-688.128
26,-720.896
27,-770.048
28,-737.28
29,-720.896
30,-720.896
31,-720.896
32,-737.28
33,-753.664
34,-786.432
35,-802.816
36,-770.048
37,-753.664
38,-737.28
39,-753.664
40,-770.048
41,-737.28
42,-770.048
43,-786.432
44,-753.664
45,-770.048
46,-737.28
47,-770.048
48,-786.432
49,-770.048
50,-770.048
51,-770.048
52,-770.048
53,-819.2
54,-835.584
55,-835.584
56,-802.816
57,-835.584
58,-819.2
59,-835.584
60,-802.816
61,-802.816
62,-802.816
63,-802.816
64,-802.816
65,-770.048
66,-753.664
67,-753.664
68,-770.048
69,-753.664
70,-786.432
71,-786.432
72,-786.432
73,-786.432
74,-753.664
75,-786.432
76,-770.048
77,-770.048
78,-770.048
79,-770.048
80,-737.28
81,-786.432
82,-753.664
83,-786.432
84,-786.432
85,-737.28
86,-770.048
87,-753.664
88,-770.048
89,-753.664
90,-753.664
91,-770.048
92,-753.664
93,-737.28
94,-770.048
95,-770.048
96,-802.816
97,-770.048
98,-720.896
99,-737.28
100,-720.896
101,-753.664
102,-704.512
103,-704.512
104,-688.128
105,-704.512
106,-835.584
107,-966.656
108,-983.04
109,-901.12
110,-655.36
111,-638.976
112,-704.512
113,-704.512
114,-737.28
115,-704.512
116,-737.28
117,-770.048
118,-753.664
119,-753.664
120,-770.048
121,-737.28
122,-786.432
123,-753.664
124,-770.048
125,-753.664
126,-753.664
127,-770.048
128,-720.896
129,-753.664
130,-770.048
131,-753.664
132,-770.048
133,-737.28
134,-786.432
135,-770.048
136,-753.664
137,-786.432
138,-802.816
139,-802.816
140,-819.2
141,-770.048
142,-802.816
143,-786.432
144,-786.432
145,-786.432
146,-819.2
147,-835.584
148,-835.584
149,-819.2
150,-819.2
151,-786.432
152,-802.816
153,-802.816
154,-786.432
155,-802.816
156,-786.432
157,-770.048
158,-819.2
159,-802.816
160,-835.584
161,-786.432
162,-786.432
163,-786.432
164,-770.048
165,-802.816
166,-786.432
167,-753.664
168,-770.048
169,-770.048
170,-802.816
171,-835.584
172,-819.2
173,-819.2
174,-720.896
175,-786.432
176,-786.432
177,-786.432
178,-819.2
179,-802.816
180,-819.2
181,-819.2
182,-753.664
183,-786.432
184,-786.432
185,-868.352
186,-868.352
187,-786.432
188,-770.048
189,-753.664
190,-753.664
191,-753.664
192,-786.432
193,-1015.808
194,-1097.728
195,-1015.808
196,-802.816
197,-622.592
198,-671.744
199,-753.664
200,-753.664
201,-770.048
202,-770.048
203,-802.816
204,-819.2
205,-786.432
206,-802.816
207,-770.048
208,-770.048
209,-786.432
210,-770.048
211,-802.816
212,-786.432
213,-753.664
214,-786.432
215,-720.896
216,-720.896
217,-720.896
218,-720.896
219,-770.048
220,-753.664
221,-753.664
222,-770.048
223,-753.664
224,-770.048
225,-802.816
226,-819.2
227,-851.968
228,-851.968
229,-851.968
230,-802.816
231,-802.816
232,-835.584
233,-819.2
234,-835.584
235,-835.584
236,-786.432
237,-835.584
238,-786.432
239,-819.2
240,-835.584
241,-802.816
242,-835.584
243,-786.432
244,-819.2
245,-819.2
246,-786.432
247,-786.432
248,-753.664
249,-786.432
250,-835.584
251,-802.816
252,-851.968
253,-819.2
254,-802.816
255,-819.2
256,-802.816
257,-819.2
258,-819.2
259,-786.432
260,-802.816
261,-770.048
262,-802.816
263,-835.584
264,-819.2
265,-835.584
266,-819.2
267,-802.816
268,-835.584
269,-786.432
270,-802.816
271,-786.432
272,-819.2
273,-802.816
274,-786.432
275,-753.664
276,-770.048
277,-966.656
278,-1097.728
279,-1032.192
280,-802.816
281,-688.128
282,-688.128
283,-753.664
284,-720.896
285,-753.664
286,-770.048
287,-753.664
288,-737.28
289,-753.664
290,-753.664
291,-770.048
292,-737.28
293,-753.664
294,-720.896
295,-737.28
296,-770.048
297,-753.664
298,-737.28
299,-753.664
300,-753.664
301,-819.2
302,-753.664
303,-720.896
304,-704.512
305,-737.28
306,-786.432
307,-753.664
308,-737.28
309,-786.432
310,-770.048
311,-802.816
312,-786.432
313,-786.432
314,-802.816
315,-802.816
316,-802.816
317,-770.048
318,-786.432
319,-802.816
320,-770.048
321,-770.048
322,-786.432
323,-802.816
324,-835.584
325,-802.816
326,-770.048
327,-770.048
328,-770.048
329,-802.816
330,-753.664
331,-770.048
332,-802.816
333,-786.432
334,-802.816
335,-786.432
336,-770.048
337,-819.2
338,-786.432
339,-770.048
340,-753.664
341,-802.816
342,-819.2
343,-770.048
344,-753.664
345,-770.048
346,-802.816
347,-819.2
348,-786.432
349,-786.432
350,-802.816
351,-802.816
352,-802.816
353,-770.048
354,-819.2
355,-835.584
356,-786.432
357,-753.664
358,-704.512
359,-851.968
360,-1081.344
361,-1064.96
362,-983.04
363,-770.048
364,-688.128
365,-753.664
366,-720.896
367,-753.664
368,-786.432
369,-753.664
370,-786.432
371,-737.28
372,-770.048
373,-802.816
374,-770.048
375,-802.816
376,-786.432
377,-786.432
378,-802.816
379,-753.664
380,-770.048
381,-753.664
382,-770.048
383,-786.432
384,-737.28
385,-753.664
386,-753.664
387,-770.048
388,-802.816
389,-770.048
390,-770.048
391,-802.816
392,-786.432
393,-819.2
394,-819.2
395,-786.432
396,-819.2
397,-802.816
398,-819.2
399,-802.816
400,-819.2
401,-786.432
402,-802.816
403,-835.584
404,-851.968
405,-851.968
406,-819.2
407,-770.048
408,-835.584
409,-851.968
410,-835.584
411,-802.816
412,-770.048
413,-786.432
414,-819.2
415,-802.816
416,-835.584
417,-770.048
418,-802.816
419,-786.432
420,-786.432
421,-802.816
422,-819.2
423,-786.432
424,-835.584
425,-835.584
426,-851.968
427,-851.968
428,-851.968
429,-819.2
430,-802.816
431,-835.584
432,-851.968
433,-851.968
434,-851.968
435,-802.816
436,-786.432
437,-753.664
438,-753.664
439,-884.736
440,-1032.192
441,-1032.192
442,-966.656
443,-802.816
444,-737.28
445,-802.816
446,-770.048
447,-819.2
448,-786.432
449,-819.2
450,-835.584
451,-819.2
452,-819.2
453,-802.816
454,-786.432
455,-819.2
456,-786.432
457,-819.2
458,-786.432
459,-835.584
460,-835.584
461,-819.2
462,-802.816
463,-786.432
464,-770.048
465,-835.584
466,-851.968
467,-851.968
468,-835.584
469,-786.432
470,-819.2
471,-819.2
472,-819.2
473,-835.584
474,-835.584
475,-868.352
476,-868.352
477,-835.584
478,-851.968
479,-819.2
480,-851.968
481,-851.968
482,-868.352
483,-884.736
484,-868.352
485,-802.816
486,-819.2
487,-835.584
488,-868.352
489,-901.12
490,-901.12
491,-868.352
492,-819.2
493,-802.816
494,-835.584
495,-835.584
496,-851.968
497,-819.2
498,-851.968
499,-835.584
500,-851.968
501,-851.968
502,-851.968
503,-835.584
504,-851.968
505,-868.352
506,-868.352
507,-835.584
508,-851.968
509,-851.968
510,-901.12
511,-851.968
512,-802.816
513,-819.2
514,-835.584
515,-819.2
516,-917.504
517,-999.424
518,-1064.96
519,-983.04
520,-802.816
521,-737.28
522,-802.816
523,-851.968
524,-851.968
525,-802.816
526,-819.2
527,-851.968
528,-851.968
529,-835.584
530,-819.2
531,-851.968
532,-851.968
533,-851.968
534,-802.816
535,-819.2
536,-835.584
537,-851.968
538,-851.968
539,-851.968
540,-786.432
541,-819.2
542,-819.2
543,-851.968
544,-835.584
545,-835.584
546,-851.968
547,-851.968
548,-901.12
549,-901.12
550,-884.736
551,-884.736
552,-835.584
553,-851.968
554,-868.352
555,-868.352
556,-868.352
557,-835.584
558,-851.968
559,-868.352
560,-868.352
561,-868.352
562,-851.968
563,-868.352
564,-901.12
565,-901.12
566,-933.888
567,-901.12
568,-901.12
569,-901.12
570,-884.736
571,-884.736
572,-901.12
573,-884.736
574,-917.504
575,-868.352
576,-884.736
577,-851.968
578,-901.12
579,-884.736
580,-884.736
581,-901.12
582,-901.12
583,-868.352
584,-917.504
585,-851.968
586,-901.12
587,-868.352
588,-851.968
589,-851.968
590,-851.968
591,-835.584
592,-851.968
593,-966.656
594,-1064.96
595,-1081.344
596,-966.656
597,-819.2
598,-802.816
599,-802.816
600,-851.968
601,-835.584
602,-819.2
603,-819.2
604,-835.584
605,-835.584
606,-835.584
607,-851.968
608,-835.584
609,-819.2
610,-819.2
611,-819.2
612,-819.2
613,-819.2
614,-819.2
615,-835.584
616,-819.2
617,-835.584
618,-819.2
619,-835.584
620,-835.584
621,-835.584
622,-835.584
623,-835.584
624,-835.584
625,-835.584
626,-835.584
627,-851.968
628,-868.352
629,-851.968
630,-868.352
631,-835.584
632,-884.736
633,-868.352
634,-868.352
635,-819.2
636,-835.584
637,-835.584
638,-835.584
639,-851.968
640,-819.2
641,-835.584
642,-835.584
643,-835.584
644,-868.352
645,-835.584
646,-835.584
647,-819.2
648,-819.2
649,-819.2
650,-868.352
651,-835.584
652,-851.968
653,-835.584
654,-851.968
655,-819.2
656,-851.968
657,-868.352
658,-851.968
659,-835.584
660,-835.584
661,-802.816
662,-819.2
663,-802.816
664,-819.2
665,-835.584
666,-802.816
667,-802.816
668,-851.968
669,-983.04
670,-1048.576
671,-950.272
672,-802.816
673,-737.28
674,-753.664
675,-786.432
676,-786.432
677,-802.816
678,-770.048
679,-786.432
680,-802.816
681,-786.432
682,-802.816
683,-835.584
684,-802.816
685,-835.584
686,-786.432
687,-786.432
688,-802.816
689,-786.432
690,-802.816
691,-786.432
692,-802.816
693,-819.2
694,-786.432
695,-802.816
696,-786.432
697,-802.816
698,-819.2
699,-786.432
700,-802.816
701,-819.2
702,-819.2
703,-851.968
704,-868.352
705,-868.352
706,-868.352
707,-851.968
708,-819.2
709,-835.584
710,-835.584
711,-851.968
712,-851.968
713,-835.584
714,-819.2
715,-802.816
716,-819.2
717,-802.816
718,-819.2
719,-802.816
720,-802.816
721,-851.968
722,-835.584
723,-835.584
724,-819.2
725,-851.968
726,-868.352
727,-851.968
728,-835.584
729,-835.584
730,-819.2
731,-851.968
732,-851.968
733,-868.352
734,-835.584
735,-819.2
736,-802.816
737,-819.2
738,-835.584
739,-868.352
740,-835.584
741,-819.2
742,-802.816
743,-786.432
744,-802.816
745,-933.888
746,-1015.808
747,-1015.808
748,-868.352
749,-770.048
750,-720.896
751,-753.664
752,-802.816
753,-819.2
754,-835.584
755,-835.584
756,-786.432
757,-802.816
758,-786.432
759,-835.584
760,-819.2
761,-802.816
762,-851.968
763,-802.816
764,-835.584
765,-802.816
766,-819.2
767,-802.816
768,-819.2
769,-819.2
770,-802.816
771,-802.816
772,-835.584
773,-851.968
774,-835.584
775,-835.584
776,-802.816
777,-851.968
778,-868.352
779,-901.12
780,-868.352
781,-868.352
782,-835.584
783,-851.968
784,-851.968
785,-851.968
786,-868.352
787,-851.968
788,-851.968
789,-851.968
790,-851.968
791,-835.584
792,-835.584
793,-835.584
794,-835.584
795,-835.584
796,-868.352
797,-851.968
798,-851.968
799,-835.584
800,-835.584
801,-835.584
802,-851.968
803,-851.968
804,-868.352
805,-851.968
806,-868.352
807,-851.968
808,-835.584
809,-835.584
810,-868.352
811,-851.968
812,-851.968
813,-819.2
814,-868.352
815,-868.352
816,-868.352
817,-835.584
818,-835.584
819,-868.352
820,-884.736
821,-835.584
822,-835.584
823,-786.432
824,-819.2
825,-819.2
826,-786.432
827,-786.432
828,-901.12
829,-1032.192
830,-1064.96
831,-966.656
832,-786.432
833,-753.664
834,-802.816
835,-819.2
836,-802.816
837,-835.584
838,-819.2
839,-835.584
840,-819.2
841,-819.2
842,-835.584
843,-835.584
844,-851.968
845,-835.584
846,-851.968
847,-835.584
848,-835.584
849,-835.584
850,-851.968
851,-819.2
852,-802.816
853,-819.2
854,-851.968
855,-851.968
856,-835.584
857,-802.816
858,-802.816
859,-819.2
860,-851.968
861,-851.968
862,-868.352
863,-868.352
864,-851.968
865,-835.584
866,-851.968
867,-851.968
868,-884.736
869,-851.968
870,-851.968
871,-851.968
872,-819.2
873,-851.968
874,-835.584
875,-868.352
876,-835.584
877,-868.352
878,-851.968
879,-851.968
880,-819.2
881,-819.2
882,-802.816
883,-835.584
884,-819.2
885,-819.2
886,-819.2
887,-835.584
888,-835.584
889,-835.584
890,-835.584
891,-851.968
892,-851.968
893,-835.584
894,-835.584
895,-835.584
896,-835.584
897,-835.584
898,-851.968
899,-819.2
900,-835.584
901,-851.968
902,-868.352
903,-835.584
904,-835.584
905,-851.968
906,-868.352
907,-835.584
908,-819.2
909,-770.048
910,-835.584
911,-851.968
912,-868.352
913,-835.584
914,-819.2
915,-835.584
916,-851.968
917,-835.584
918,-884.736
919,-819.2
920,-835.584
921,-819.2
922,-835.584
923,-819.2
924,-835.584
925,-835.584
926,-835.584
927,-851.968
928,-868.352
929,-851.968
930,-851.968
931,-851.968
932,-835.584
933,-851.968
934,-868.352
935,-868.352
936,-851.968
937,-819.2
938,-868.352
939,-1032.192
940,-1114.112
941,-1097.728
942,-917.504
943,-802.816
944,-786.432
945,-819.2
946,-835.584
947,-851.968
948,-819.2
949,-819.2
950,-851.968
951,-868.352
952,-901.12
953,-884.736
954,-851.968
955,-868.352
956,-868.352
957,-868.352
958,-851.968
959,-835.584
960,-819.2
961,-851.968
962,-835.584
963,-835.584
964,-835.584
965,-819.2
966,-802.816
967,-802.816
968,-802.816
969,-851.968
970,-851.968
971,-851.968
972,-835.584
973,-835.584
974,-851.968
975,-868.352
976,-851.968
977,-868.352
978,-851.968
979,-851.968
980,-851.968
981,-868.352
982,-851.968
983,-868.352
984,-868.352
985,-884.736
986,-901.12
987,-884.736
988,-884.736
989,-851.968
990,-851.968
991,-851.968
992,-851.968
993,-868.352
994,-868.352
995,-868.352
996,-868.352
997,-851.968
998,-868.352
999,-851.968
1000,-835.584
1001,-868.352
1002,-884.736
1003,-868.352
1004,-851.968
1005,-819.2
1006,-835.584
1007,-835.584
1008,-851.968
1009,-851.968
1010,-835.584
1011,-819.2
1012,-835.584
1013,-819.2
1014,-851.968
1015,-851.968
1016,-851.968
1017,-819.2
1018,-819.2
1019,-819.2
1020,-868.352
1021,-868.352
1022,-851.968
1023,-835.584
1024,-835.584
1025,-851.968
1026,-851.968
1027,-835.584
1028,-835.584
1029,-819.2
1030,-835.584
1031,-851.968
1032,-819.2
1033,-835.584
1034,-851.968
1035,-835.584
1036,-835.584
1037,-802.816
1038,-835.584
1039,-819.2
1040,-851.968
1041,-835.584
1042,-819.2
1043,-868.352
1044,-868.352
1045,-851.968
1046,-851.968
1047,-819.2
1048,-851.968
1049,-819.2
1050,-835.584
1051,-851.968
1052,-851.968
1053,-819.2
1054,-786.432
1055,-770.048
1056,-835.584
1057,-983.04
1058,-1064.96
1059,-1015.808
1060,-835.584
1061,-753.664
1062,-720.896
1063,-770.048
1064,-786.432
1065,-786.432
1066,-786.432
1067,-802.816
1068,-802.816
1069,-819.2
1070,-786.432
1071,-786.432
1072,-786.432
1073,-786.432
1074,-819.2
1075,-819.2
1076,-819.2
1077,-819.2
1078,-786.432
1079,-819.2
1080,-770.048
1081,-786.432
1082,-770.048
1083,-753.664
1084,-802.816
1085,-802.816
1086,-770.048
1087,-802.816
1088,-770.048
1089,-802.816
1090,-819.2
1091,-835.584
1092,-851.968
1093,-835.584
1094,-835.584
1095,-835.584
1096,-835.584
1097,-851.968
1098,-835.584
1099,-851.968
1100,-835.584
1101,-786.432
1102,-802.816
1103,-802.816
1104,-802.816
1105,-819.2
1106,-802.816
1107,-819.2
1108,-819.2
1109,-819.2
1110,-802.816
1111,-786.432
1112,-786.432
1113,-835.584
1114,-835.584
1115,-835.584
1116,-786.432
1117,-819.2
1118,-819.2
1119,-786.432
1120,-802.816
1121,-802.816
1122,-819.2
1123,-835.584
1124,-802.816
1125,-802.816
1126,-786.432
1127,-802.816
1128,-819.2
1129,-786.432
1130,-802.816
1131,-802.816
1132,-802.816
1133,-835.584
1134,-802.816
1135,-835.584
1136,-802.816
1137,-786.432
1138,-802.816
1139,-819.2
1140,-835.584
1141,-851.968
1142,-786.432
1143,-819.2
1144,-786.432
1145,-770.048
1146,-786.432
1147,-770.048
1148,-786.432
1149,-802.816
1150,-786.432
1151,-835.584
1152,-802.816
1153,-786.432
1154,-770.048
1155,-753.664
1156,-819.2
1157,-786.432
1158,-819.2
1159,-786.432
1160,-770.048
1161,-802.816
1162,-786.432
1163,-786.432
1164,-802.816
1165,-753.664
1166,-786.432
1167,-786.432
1168,-786.432
1169,-770.048
1170,-720.896
1171,-770.048
1172,-917.504
1173,-1032.192
1174,-999.424
1175,-802.816
1176,-704.512
1177,-688.128
1178,-737.28
1179,-737.28
1180,-704.512
1181,-753.664
1182,-786.432
1183,-753.664
1184,-786.432
1185,-737.28
1186,-753.664
1187,-770.048
1188,-720.896
1189,-770.048
1190,-753.664
1191,-753.664
1192,-802.816
1193,-753.664
1194,-753.664
1195,-753.664
1196,-770.048
1197,-802.816
1198,-753.664
1199,-720.896
1200,-737.28
1201,-720.896
1202,-753.664
1203,-737.28
1204,-753.664
1205,-770.048
1206,-737.28
1207,-720.896
1208,-753.664
1209,-753.664
1210,-819.2
1211,-770.048
1212,-770.048
1213,-753.664
1214,-753.664
1215,-786.432
1216,-753.664
1217,-770.048
1218,-770.048
1219,-753.664
1220,-786.432
1221,-737.28
1222,-737.28
1223,-753.664
1224,-753.664
1225,-819.2
1226,-786.432
1227,-770.048
1228,-786.432
1229,-770.048
1230,-770.048
1231,-786.432
1232,-770.048
1233,-819.2
1234,-753.664
1235,-753.664
1236,-737.28
1237,-753.664
1238,-802.816
1239,-753.664
1240,-737.28
1241,-737.28
1242,-770.048
1243,-835.584
1244,-753.664
1245,-753.664
1246,-737.28
1247,-737.28
1248,-770.048
1249,-753.664
1250,-737.28
1251,-786.432
1252,-753.664
1253,-786.432
1254,-737.28
1255,-753.664
1256,-786.432
1257,-720.896
1258,-753.664
1259,-753.664
1260,-753.664
1261,-802.816
1262,-737.28
1263,-753.664
1264,-770.048
1265,-737.28
1266,-770.048
1267,-753.664
1268,-770.048
1269,-802.816
1270,-753.664
1271,-770.048
1272,-720.896
1273,-737.28
1274,-753.664
1275,-737.28
1276,-737.28
1277,-753.664
1278,-737.28
1279,-737.28
1280,-688.128
1281,-819.2
1282,-983.04
1283,-1015.808
1284,-868.352
1285,-704.512
1286,-638.976
1287,-704.512
1288,-737.28
1289,-786.432
1290,-737.28
1291,-737.28
1292,-737.28
1293,-737.28
1294,-753.664
1295,-737.28
1296,-737.28
1297,-737.28
1298,-737.28
1299,-753.664
1300,-770.048
1301,-737.28
1302,-770.048
1303,-737.28
1304,-737.28
1305,-737.28
1306,-720.896
1307,-753.664
1308,-720.896
1309,-737.28
1310,-753.664
1311,-688.128
1312,-720.896
1313,-704.512
1314,-737.28
1315,-770.048
1316,-737.28
1317,-753.664
1318,-753.664
1319,-737.28
1320,-770.048
1321,-704.512
1322,-753.664
1323,-737.28
1324,-737.28
1325,-786.432
1326,-737.28
1327,-720.896
1328,-737.28
1329,-720.896
1330,-802.816
1331,-770.048
1332,-753.664
1333,-737.28
1334,-688.128
1335,-753.664
1336,-737.28
1337,-753.664
1338,-753.664
1339,-720.896
1340,-753.664
1341,-720.896
1342,-770.048
1343,-786.432
1344,-737.28
1345,-753.664
1346,-786.432
1347,-770.048
1348,-802.816
1349,-737.28
1350,-720.896
1351,-720.896
1352,-720.896
1353,-786.432
1354,-770.048
1355,-802.816
1356,-753.664
1357,-704.512
1358,-720.896
1359,-720.896
1360,-737.28
1361,-737.28
1362,-720.896
1363,-737.28
1364,-720.896
1365,-704.512
1366,-753.664
1367,-720.896
1368,-753.664
1369,-753.664
1370,-753.664
1371,-786.432
1372,-770.048
1373,-753.664
1374,-720.896
1375,-688.128
1376,-704.512
1377,-737.28
1378,-753.664
1379,-786.432
1380,-704.512
1381,-688.128
1382,-655.36
1383,-753.664
1384,-933.888
1385,-1032.192
1386,-917.504
1387,-770.048
1388,-622.592
1389,-655.36
1390,-704.512
1391,-720.896
1392,-720.896
1393,-737.28
1394,-737.28
1395,-737.28
1396,-720.896
1397,-737.28
1398,-720.896
1399,-737.28
1400,-704.512
1401,-720.896
1402,-737.28
1403,-737.28
1404,-753.664
1405,-737.28
1406,-720.896
1407,-737.28
1408,-688.128
1409,-688.128
1410,-688.128
1411,-671.744
1412,-720.896
1413,-720.896
1414,-737.28
1415,-753.664
1416,-720.896
1417,-770.048
1418,-770.048
1419,-770.048
1420,-786.432
1421,-786.432
1422,-802.816
1423,-786.432
1424,-770.048
1425,-786.432
1426,-737.28
1427,-770.048
1428,-753.664
1429,-753.664
1430,-770.048
1431,-753.664
1432,-786.432
1433,-770.048
1434,-737.28
1435,-753.664
1436,-737.28
1437,-770.048
1438,-786.432
1439,-770.048
1440,-786.432
1441,-753.664
1442,-753.664
1443,-770.048
1444,-770.048
1445,-786.432
1446,-770.048
1447,-737.28
1448,-753.664
1449,-720.896
1450,-737.28
1451,-737.28
1452,-737.28
1453,-753.664
1454,-753.664
1455,-737.28
1456,-737.28
1457,-737.28
1458,-753.664
1459,-753.664
1460,-753.664
1461,-737.28
1462,-720.896
1463,-753.664
1464,-753.664
1465,-786.432
1466,-786.432
1467,-737.28
1468,-770.048
1469,-753.664
1470,-737.28
1471,-753.664
1472,-753.664
1473,-737.28
1474,-753.664
1475,-720.896
1476,-704.512
1477,-671.744
1478,-835.584
1479,-999.424
1480,-1064.96
1481,-901.12
1482,-704.512
1483,-622.592
1484,-704.512
1485,-704.512
1486,-720.896
1487,-737.28
1488,-753.664
1489,-770.048
1490,-770.048
1491,-753.664
1492,-753.664
1493,-737.28
1494,-737.28
1495,-737.28
1496,-720.896
1497,-737.28
1498,-753.664
1499,-737.28
1500,-720.896
1501,-720.896
1502,-720.896
1503,-753.664
1504,-737.28
1505,-720.896
1506,-753.664
1507,-737.28
1508,-753.664
1509,-737.28
1510,-720.896
1511,-720.896
1512,-770.048
1513,-753.664
1514,-802.816
1515,-819.2
1516,-819.2
1517,-770.048
1518,-737.28
1519,-737.28
1520,-770.048
1521,-786.432
1522,-802.816
1523,-770.048
1524,-753.664
1525,-720.896
1526,-737.28
1527,-770.048
1528,-753.664
1529,-753.664
1530,-770.048
1531,-753.664
1532,-753.664
1533,-753.664
1534,-737.28
1535,-737.28
1536,-770.048
1537,-770.048
1538,-786.432
1539,-786.432
1540,-770.048
1541,-753.664
1542,-753.664
1543,-786.432
1544,-770.048
1545,-770.048
1546,-770.048
1547,-753.664
1548,-770.048
1549,-737.28
1550,-720.896
1551,-720.896
1552,-737.28
1553,-753.664
1554,-786.432
1555,-819.2
1556,-802.816
1557,-770.048
1558,-786.432
1559,-737.28
1560,-753.664
1561,-753.664
1562,-753.664
1563,-737.28
1564,-835.584
1565,-999.424
1566,-1064.96
1567,-933.888
1568,-720.896
1569,-622.592
1570,-688.128
1571,-720.896
1572,-737.28
1573,-720.896
1574,-753.664
1575,-737.28
1576,-753.664
1577,-737.28
1578,-753.664
1579,-720.896
1580,-737.28
1581,-720.896
1582,-737.28
1583,-753.664
1584,-737.28
1585,-737.28
1586,-737.28
1587,-737.28
1588,-720.896
1589,-737.28
1590,-704.512
1591,-720.896
1592,-704.512
1593,-704.512
1594,-737.28
1595,-770.048
1596,-802.816
1597,-802.816
1598,-753.664
1599,-720.896
1600,-720.896
1601,-753.664
1602,-770.048
1603,-786.432
1604,-786.432
1605,-753.664
1606,-737.28
1607,-737.28
1608,-770.048
1609,-770.048
1610,-753.664
1611,-737.28
1612,-737.28
1613,-737.28
1614,-737.28
1615,-753.664
1616,-737.28
1617,-770.048
1618,-770.048
1619,-753.664
1620,-770.048
1621,-753.664
1622,-720.896
1623,-737.28
1624,-737.28
1625,-737.28
1626,-770.048
1627,-786.432
1628,-737.28
1629,-737.28
1630,-753.664
1631,-770.048
1632,-770.048
1633,-770.048
1634,-753.664
1635,-753.664
1636,-753.664
1637,-753.664
1638,-737.28
1639,-786.432
1640,-786.432
1641,-770.048
1642,-753.664
1643,-671.744
1644,-688.128
1645,-884.736
1646,-1032.192
1647,-1081.344
1648,-884.736
1649,-688.128
1650,-606.208
1651,-671.744
1652,-688.128
1653,-704.512
1654,-704.512
1655,-704.512
1656,-737.28
1657,-720.896
1658,-737.28
1659,-720.896
1660,-737.28
1661,-720.896
1662,-737.28
1663,-737.28
1664,-753.664
1665,-753.664
1666,-720.896
1667,-720.896
1668,-704.512
1669,-704.512
1670,-688.128
1671,-704.512
1672,-688.128
1673,-704.512
1674,-720.896
1675,-737.28
1676,-737.28
1677,-737.28
1678,-753.664
1679,-770.048
1680,-802.816
1681,-819.2
1682,-802.816
1683,-802.816
1684,-802.816
1685,-786.432
1686,-786.432
1687,-753.664
1688,-737.28
1689,-737.28
1690,-802.816
1691,-802.816
1692,-802.816
1693,-786.432
1694,-802.816
1695,-770.048
1696,-802.816
1697,-786.432
1698,-786.432
1699,-770.048
1700,-802.816
1701,-786.432
1702,-786.432
1703,-786.432
1704,-786.432
1705,-786.432
1706,-770.048
1707,-770.048
1708,-753.664
1709,-753.664
1710,-786.432
1711,-786.432
1712,-802.816
1713,-786.432
1714,-786.432
1715,-786.432
1716,-802.816
1717,-802.816
1718,-786.432
1719,-786.432
1720,-753.664
1721,-720.896
1722,-851.968
1723,-1015.808
1724,-1097.728
1725,-950.272
1726,-737.28
1727,-638.976
1728,-720.896
1729,-753.664
1730,-753.664
1731,-770.048
1732,-770.048
1733,-770.048
1734,-753.664
1735,-786.432
1736,-802.816
1737,-786.432
1738,-802.816
1739,-802.816
1740,-802.816
1741,-770.048
1742,-753.664
1743,-753.664
1744,-786.432
1745,-786.432
1746,-802.816
1747,-753.664
1748,-737.28
1749,-753.664
1750,-753.664
1751,-753.664
1752,-786.432
1753,-786.432
1754,-819.2
1755,-819.2
1756,-802.816
1757,-819.2
1758,-819.2
1759,-819.2
1760,-851.968
1761,-835.584
1762,-835.584
1763,-819.2
1764,-786.432
1765,-835.584
1766,-819.2
1767,-835.584
1768,-819.2
1769,-802.816
1770,-835.584
1771,-802.816
1772,-786.432
1773,-802.816
1774,-802.816
1775,-851.968
1776,-835.584
1777,-851.968
1778,-868.352
1779,-819.2
1780,-851.968
1781,-868.352
1782,-851.968
1783,-868.352
1784,-835.584
1785,-835.584
1786,-868.352
1787,-851.968
1788,-868.352
1789,-868.352
1790,-835.584
1791,-851.968
1792,-835.584
1793,-851.968
1794,-851.968
1795,-819.2
1796,-802.816
1797,-917.504
1798,-1064.96
1799,-1146.88
1800,-1015.808
1801,-819.2
1802,-753.664
1803,-786.432
1804,-819.2
1805,-819.2
1806,-819.2
1807,-770.048
1808,-802.816
1809,-835.584
1810,-868.352
1811,-884.736
1812,-835.584
1813,-786.432
1814,-835.584
1815,-819.2
1816,-835.584
1817,-835.584
1818,-819.2
1819,-819.2
1820,-802.816
1821,-802.816
1822,-835.584
1823,-819.2
1824,-835.584
1825,-819.2
1826,-802.816
1827,-819.2
1828,-786.432
1829,-851.968
1830,-835.584
1831,-835.584
1832,-868.352
1833,-835.584
1834,-868.352
1835,-868.352
1836,-819.2
1837,-851.968
1838,-835.584
1839,-851.968
1840,-868.352
1841,-851.968
1842,-868.352
1843,-835.584
1844,-851.968
1845,-851.968
1846,-802.816
1847,-835.584
1848,-851.968
1849,-851.968
1850,-851.968
1851,-802.816
1852,-835.584
1853,-851.968
1854,-851.968
1855,-851.968
1856,-835.584
1857,-851.968
1858,-868.352
1859,-851.968
1860,-868.352
1861,-851.968
1862,-868.352
1863,-884.736
1864,-819.2
1865,-835.584
1866,-802.816
1867,-770.048
1868,-819.2
1869,-786.432
1870,-851.968
1871,-1015.808
1872,-1130.496
1873,-1097.728
1874,-884.736
1875,-737.28
1876,-753.664
1877,-770.048
1878,-802.816
1879,-770.048
1880,-819.2
1881,-819.2
1882,-770.048
1883,-835.584
1884,-819.2
1885,-835.584
1886,-819.2
1887,-802.816
1888,-835.584
1889,-835.584
1890,-819.2
1891,-819.2
1892,-819.2
1893,-851.968
1894,-835.584
1895,-802.816
1896,-819.2
1897,-802.816
1898,-802.816
1899,-786.432
1900,-770.048
1901,-802.816
1902,-802.816
1903,-835.584
1904,-819.2
1905,-835.584
1906,-851.968
1907,-835.584
1908,-835.584
1909,-851.968
1910,-819.2
1911,-835.584
1912,-851.968
1913,-868.352
1914,-884.736
1915,-835.584
1916,-835.584
1917,-851.968
1918,-819.2
1919,-835.584
1920,-802.816
1921,-851.968
1922,-835.584
1923,-851.968
1924,-868.352
1925,-851.968
1926,-851.968
1927,-851.968
1928,-802.816
1929,-835.584
1930,-819.2
1931,-851.968
1932,-851.968
1933,-835.584
1934,-868.352
1935,-868.352
1936,-835.584
1937,-851.968
1938,-835.584
1939,-835.584
1940,-851.968
1941,-851.968
1942,-884.736
1943,-851.968
1944,-835.584
1945,-786.432
1946,-851.968
1947,-1032.192
1948,-1146.88
1949,-1048.576
1950,-851.968
1951,-704.512
1952,-737.28
1953,-770.048
1954,-819.2
1955,-819.2
1956,-802.816
1957,-835.584
1958,-819.2
1959,-786.432
1960,-802.816
1961,-786.432
1962,-835.584
1963,-819.2
1964,-802.816
1965,-819.2
1966,-802.816
1967,-819.2
1968,-819.2
1969,-802.816
1970,-835.584
1971,-786.432
1972,-786.432
1973,-802.816
1974,-786.432
1975,-819.2
1976,-786.432
1977,-770.048
1978,-819.2
1979,-835.584
1980,-868.352
1981,-868.352
1982,-835.584
1983,-835.584
1984,-819.2
1985,-851.968
1986,-835.584
1987,-819.2
1988,-835.584
1989,-802.816
1990,-835.584
1991,-835.584
1992,-802.816
1993,-851.968
1994,-851.968
1995,-884.736
1996,-884.736
1997,-802.816
1998,-835.584
1999,-819.2
2000,-851.968
2001,-868.352
2002,-802.816
2003,-835.584
2004,-851.968
2005,-835.584
2006,-884.736
2007,-835.584
2008,-851.968
2009,-884.736
2010,-851.968
2011,-917.504
2012,-835.584
2013,-868.352
2014,-851.968
2015,-868.352
2016,-901.12
2017,-851.968
2018,-868.352
2019,-868.352
2020,-819.2
2021,-851.968
2022,-835.584
2023,-851.968
2024,-884.736
2025,-851.968
2026,-802.816
2027,-819.2
2028,-917.504
2029,-1114.112
2030,-1163.264
2031,-1015.808
2032,-851.968
2033,-737.28
2034,-786.432
2035,-770.048
2036,-786.432
2037,-819.2
2038,-802.816
2039,-835.584
2040,-819.2
2041,-835.584
2042,-868.352
2043,-868.352
2044,-884.736
2045,-884.736
2046,-835.584
2047,-835.584
2048,-802.816
2049,-802.816
2050,-819.2
2051,-819.2
2052,-835.584
2053,-819.2
2054,-819.2
2055,-802.816
2056,-802.816
2057,-835.584
2058,-802.816
2059,-868.352
2060,-868.352
2061,-835.584
2062,-868.352
2063,-851.968
2064,-851.968
2065,-884.736
2066,-835.584
2067,-884.736
2068,-884.736
2069,-868.352
2070,-933.888
2071,-884.736
2072,-884.736
2073,-868.352
2074,-868.352
2075,-917.504
2076,-868.352
2077,-868.352
2078,-868.352
2079,-851.968
2080,-933.888
2081,-933.888
2082,-966.656
2083,-933.888
2084,-868.352
2085,-851.968
2086,-819.2
2087,-835.584
2088,-884.736
2089,-868.352
2090,-901.12
2091,-851.968
2092,-819.2
2093,-901.12
2094,-884.736
2095,-884.736
2096,-851.968
2097,-835.584
2098,-884.736
2099,-884.736
2100,-868.352
2101,-884.736
2102,-819.2
2103,-884.736
2104,-868.352
2105,-868.352
2106,-884.736
2107,-835.584
2108,-851.968
2109,-868.352
2110,-868.352
2111,-917.504
2112,-901.12
2113,-835.584
2114,-835.584
2115,-802.816
2116,-1064.96
2117,-1179.648
2118,-1130.496
2119,-950.272
2120,-737.28
2121,-704.512
2122,-770.048
2123,-802.816
2124,-835.584
2125,-835.584
2126,-835.584
2127,-851.968
2128,-835.584
2129,-868.352
2130,-819.2
2131,-851.968
2132,-884.736
2133,-851.968
2134,-884.736
2135,-819.2
2136,-835.584
2137,-884.736
2138,-835.584
2139,-884.736
2140,-819.2
2141,-819.2
2142,-851.968
2143,-819.2
2144,-884.736
2145,-835.584
2146,-868.352
2147,-901.12
2148,-884.736
2149,-917.504
2150,-917.504
2151,-868.352
2152,-933.888
2153,-868.352
2154,-901.12
2155,-917.504
2156,-901.12
2157,-917.504
2158,-901.12
2159,-884.736
2160,-950.272
2161,-917.504
2162,-950.272
2163,-868.352
2164,-884.736
2165,-933.888
2166,-901.12
2167,-901.12
2168,-901.12
2169,-917.504
2170,-999.424
2171,-966.656
2172,-950.272
2173,-933.888
2174,-917.504
2175,-966.656
2176,-950.272
2177,-999.424
2178,-999.424
2179,-999.424
2180,-1015.808
2181,-966.656
2182,-1015.808
2183,-999.424
2184,-1015.808
2185,-983.04
2186,-950.272
2187,-983.04
2188,-983.04
2189,-983.04
2190,-983.04
2191,-966.656
2192,-950.272
2193,-983.04
2194,-950.272
2195,-966.656
2196,-933.888
2197,-884.736
2198,-917.504
2199,-868.352
2200,-901.12
2201,-950.272
2202,-868.352
2203,-884.736
2204,-851.968
2205,-999.424
2206,-1245.184
2207,-1245.184
2208,-1097.728
2209,-868.352
2210,-786.432
2211,-851.968
2212,-901.12
2213,-950.272
2214,-950.272
2215,-950.272
2216,-950.272
2217,-933.888
2218,-933.888
2219,-950.272
2220,-950.272
2221,-999.424
2222,-950.272
2223,-966.656
2224,-966.656
2225,-966.656
2226,-966.656
2227,-917.504
2228,-933.888
2229,-917.504
2230,-901.12
2231,-950.272
2232,-917.504
2233,-917.504
2234,-933.888
2235,-901.12
2236,-950.272
2237,-917.504
2238,-933.888
2239,-950.272
2240,-933.888
2241,-950.272
2242,-933.888
2243,-950.272
2244,-983.04
2245,-950.272
2246,-917.504
2247,-933.888
2248,-917.504
2249,-950.272
2250,-950.272
2251,-966.656
2252,-966.656
2253,-933.888
2254,-950.272
2255,-917.504
2256,-950.272
2257,-966.656
2258,-933.888
2259,-966.656
2260,-917.504
2261,-917.504
2262,-933.888
2263,-917.504
2264,-917.504
2265,-933.888
2266,-917.504
2267,-966.656
2268,-917.504
2269,-901.12
2270,-933.888
2271,-933.888
2272,-917.504
2273,-901.12
2274,-933.888
2275,-966.656
2276,-917.504
2277,-917.504
2278,-884.736
2279,-901.12
2280,-966.656
2281,-917.504
2282,-917.504
2283,-917.504
2284,-884.736
2285,-933.888
2286,-884.736
2287,-901.12
2288,-868.352
2289,-868.352
2290,-917.504
2291,-901.12
2292,-835.584
2293,-884.736
2294,-999.424
2295,-1179.648
2296,-1130.496
2297,-950.272
2298,-819.2
2299,-753.664
2300,-835.584
2301,-802.816
2302,-802.816
2303,-884.736
2304,-835.584
2305,-851.968
2306,-851.968
2307,-868.352
2308,-917.504
2309,-868.352
2310,-851.968
2311,-868.352
2312,-851.968
2313,-868.352
2314,-819.2
2315,-819.2
2316,-851.968
2317,-802.816
2318,-835.584
2319,-786.432
2320,-802.816
2321,-851.968
2322,-835.584
2323,-851.968
2324,-802.816
2325,-770.048
2326,-835.584
2327,-802.816
2328,-835.584
2329,-868.352
2330,-884.736
2331,-933.888
2332,-851.968
2333,-802.816
2334,-835.584
2335,-835.584
2336,-917.504
2337,-851.968
2338,-851.968
2339,-868.352
2340,-835.584
2341,-851.968
2342,-835.584
2343,-802.816
2344,-884.736
2345,-835.584
2346,-851.968
2347,-835.584
2348,-835.584
2349,-917.504
2350,-851.968
2351,-851.968
2352,-868.352
2353,-851.968
2354,-884.736
2355,-819.2
2356,-835.584
2357,-851.968
2358,-835.584
2359,-868.352
2360,-802.816
2361,-819.2
2362,-868.352
2363,-802.816
2364,-851.968
2365,-819.2
2366,-802.816
2367,-868.352
2368,-819.2
2369,-851.968
2370,-851.968
2371,-851.968
2372,-901.12
2373,-819.2
2374,-868.352
2375,-901.12
2376,-835.584
2377,-868.352
2378,-786.432
2379,-770.048
2380,-917.504
2381,-1114.112
2382,-1212.416
2383,-1064.96
2384,-851.968
2385,-737.28
2386,-737.28
2387,-786.432
2388,-737.28
2389,-770.048
2390,-786.432
2391,-786.432
2392,-802.816
2393,-819.2
2394,-786.432
2395,-802.816
2396,-786.432
2397,-770.048
2398,-786.432
2399,-802.816
2400,-802.816
2401,-786.432
2402,-786.432
2403,-819.2
2404,-770.048
2405,-770.048
2406,-753.664
2407,-753.664
2408,-770.048
2409,-770.048
2410,-802.816
2411,-786.432
2412,-770.048
2413,-802.816
2414,-786.432
2415,-851.968
2416,-868.352
2417,-819.2
2418,-868.352
2419,-819.2
2420,-819.2
2421,-868.352
2422,-851.968
2423,-901.12
2424,-884.736
2425,-851.968
2426,-868.352
2427,-835.584
2428,-851.968
2429,-802.816
2430,-819.2
2431,-884.736
2432,-835.584
2433,-868.352
2434,-835.584
2435,-835.584
2436,-868.352
2437,-835.584
2438,-819.2
2439,-851.968
2440,-819.2
2441,-851.968
2442,-802.816
2443,-819.2
2444,-851.968
2445,-851.968
2446,-868.352
2447,-868.352
2448,-835.584
2449,-851.968
2450,-819.2
2451,-835.584
2452,-851.968
2453,-851.968
2454,-868.352
2455,-851.968
2456,-868.352
2457,-868.352
2458,-851.968
2459,-868.352
2460,-802.816
2461,-835.584
2462,-884.736
2463,-868.352
2464,-819.2
2465,-770.048
2466,-851.968
2467,-1081.344
2468,-1212.416
2469,-1146.88
2470,-950.272
2471,-704.512
2472,-688.128
2473,-720.896
2474,-753.664
2475,-786.432
2476,-770.048
2477,-786.432
2478,-802.816
2479,-786.432
2480,-802.816
2481,-786.432
2482,-819.2
2483,-786.432
2484,-819.2
2485,-851.968
2486,-835.584
2487,-802.816
2488,-770.048
2489,-786.432
2490,-835.584
2491,-802.816
2492,-835.584
2493,-802.816
2494,-786.432
2495,-819.2
2496,-802.816
2497,-851.968
2498,-819.2
2499,-802.816
2500,-851.968
2501,-819.2
2502,-851.968
2503,-851.968
2504,-851.968
2505,-884.736
2506,-851.968
2507,-868.352
2508,-884.736
2509,-851.968
2510,-884.736
2511,-819.2
2512,-802.816
2513,-868.352
2514,-835.584
2515,-868.352
2516,-851.968
2517,-851.968
2518,-901.12
2519,-835.584
2520,-835.584
2521,-868.352
2522,-851.968
2523,-917.504
2524,-851.968
2525,-835.584
2526,-819.2
2527,-819.2
2528,-884.736
2529,-835.584
2530,-868.352
2531,-901.12
2532,-868.352
2533,-868.352
2534,-851.968
2535,-851.968
2536,-917.504
2537,-835.584
2538,-868.352
2539,-868.352
2540,-868.352
2541,-950.272
2542,-868.352
2543,-868.352
2544,-835.584
2545,-835.584
2546,-917.504
2547,-851.968
2548,-851.968
2549,-868.352
2550,-851.968
2551,-851.968
2552,-802.816
2553,-950.272
2554,-1146.88
2555,-1179.648
2556,-1032.192
2557,-786.432
2558,-704.512
2559,-786.432
2560,-786.432
2561,-835.584
2562,-819.2
2563,-786.432
2564,-835.584
2565,-786.432
2566,-819.2
2567,-835.584
2568,-802.816
2569,-851.968
2570,-802.816
2571,-819.2
2572,-851.968
2573,-851.968
2574,-835.584
2575,-819.2
2576,-786.432
2577,-835.584
2578,-819.2
2579,-851.968
2580,-819.2
2581,-819.2
2582,-851.968
2583,-819.2
2584,-835.584
2585,-835.584
2586,-819.2
2587,-884.736
2588,-835.584
2589,-868.352
2590,-901.12
2591,-835.584
2592,-884.736
2593,-851.968
2594,-835.584
2595,-851.968
2596,-851.968
2597,-884.736
2598,-868.352
2599,-835.584
2600,-884.736
2601,-819.2
2602,-851.968
2603,-851.968
2604,-851.968
2605,-884.736
2606,-835.584
2607,-819.2
2608,-835.584
2609,-835.584
2610,-884.736
2611,-835.584
2612,-884.736
2613,-901.12
2614,-851.968
2615,-884.736
2616,-835.584
2617,-884.736
2618,-917.504
2619,-868.352
2620,-868.352
2621,-851.968
2622,-802.816
2623,-851.968
2624,-819.2
2625,-868.352
2626,-851.968
2627,-851.968
2628,-884.736
2629,-835.584
2630,-851.968
2631,-851.968
2632,-819.2
2633,-868.352
2634,-835.584
2635,-835.584
2636,-884.736
2637,-802.816
2638,-802.816
2639,-802.816
2640,-983.04
2641,-1146.88
2642,-1130.496
2643,-966.656
2644,-753.664
2645,-688.128
2646,-753.664
2647,-770.048
2648,-819.2
2649,-802.816
2650,-770.048
2651,-819.2
2652,-786.432
2653,-819.2
2654,-819.2
2655,-819.2
2656,-851.968
2657,-802.816
2658,-819.2
2659,-851.968
2660,-835.584
2661,-851.968
2662,-802.816
2663,-802.816
2664,-819.2
2665,-770.048
2666,-802.816
2667,-770.048
2668,-786.432
2669,-819.2
2670,-770.048
2671,-819.2
2672,-802.816
2673,-819.2
2674,-868.352
2675,-819.2
2676,-868.352
2677,-901.12
2678,-835.584
2679,-884.736
2680,-835.584
2681,-835.584
2682,-884.736
2683,-835.584
2684,-868.352
2685,-868.352
2686,-835.584
2687,-884.736
2688,-802.816
2689,-819.2
2690,-851.968
2691,-868.352
2692,-933.888
2693,-835.584
2694,-819.2
2695,-819.2
2696,-819.2
2697,-901.12
2698,-868.352
2699,-851.968
2700,-868.352
2701,-819.2
2702,-884.736
2703,-851.968
2704,-884.736
2705,-901.12
2706,-851.968
2707,-868.352
2708,-819.2
2709,-819.2
2710,-917.504
2711,-901.12
2712,-917.504
2713,-901.12
2714,-868.352
2715,-917.504
2716,-851.968
2717,-868.352
2718,-917.504
2719,-835.584
2720,-901.12
2721,-835.584
2722,-868.352
2723,-917.504
2724,-901.12
2725,-868.352
2726,-819.2
2727,-868.352
2728,-1114.112
2729,-1196.032
2730,-1064.96
2731,-851.968
2732,-688.128
2733,-704.512
2734,-720.896
2735,-753.664
2736,-770.048
2737,-786.432
2738,-819.2
2739,-802.816
2740,-802.816
2741,-835.584
2742,-819.2
2743,-851.968
2744,-819.2
2745,-835.584
2746,-868.352
2747,-868.352
2748,-851.968
2749,-835.584
2750,-786.432
2751,-835.584
2752,-786.432
2753,-835.584
2754,-835.584
2755,-835.584
2756,-884.736
2757,-802.816
2758,-802.816
2759,-819.2
2760,-819.2
2761,-884.736
2762,-835.584
2763,-901.12
2764,-901.12
2765,-868.352
2766,-901.12
2767,-835.584
2768,-868.352
2769,-917.504
2770,-851.968
2771,-933.888
2772,-901.12
2773,-868.352
2774,-917.504
2775,-851.968
2776,-884.736
2777,-917.504
2778,-901.12
2779,-950.272
2780,-884.736
2781,-901.12
2782,-851.968
2783,-868.352
2784,-917.504
2785,-851.968
2786,-868.352
2787,-901.12
2788,-868.352
2789,-901.12
2790,-868.352
2791,-868.352
2792,-933.888
2793,-868.352
2794,-884.736
2795,-851.968
2796,-851.968
2797,-901.12
2798,-851.968
2799,-901.12
2800,-884.736
2801,-868.352
2802,-917.504
2803,-868.352
2804,-901.12
2805,-917.504
2806,-884.736
2807,-901.12
2808,-851.968
2809,-868.352
2810,-884.736
2811,-835.584
2812,-868.352
2813,-917.504
2814,-835.584
2815,-819.2
2816,-917.504
2817,-1163.264
2818,-1245.184
2819,-1097.728
2820,-835.584
2821,-720.896
2822,-737.28
2823,-786.432
2824,-770.048
2825,-835.584
2826,-819.2
2827,-851.968
2828,-835.584
2829,-819.2
2830,-835.584
2831,-802.816
2832,-835.584
2833,-868.352
2834,-868.352
2835,-868.352
2836,-819.2
2837,-786.432
2838,-819.2
2839,-802.816
2840,-851.968
2841,-835.584
2842,-786.432
2843,-835.584
2844,-802.816
2845,-835.584
2846,-819.2
2847,-802.816
2848,-835.584
2849,-819.2
2850,-851.968
2851,-868.352
2852,-835.584
2853,-868.352
2854,-868.352
2855,-868.352
2856,-884.736
2857,-835.584
2858,-819.2
2859,-802.816
2860,-835.584
2861,-901.12
2862,-851.968
2863,-835.584
2864,-819.2
2865,-786.432
2866,-868.352
2867,-819.2
2868,-884.736
2869,-901.12
2870,-851.968
2871,-884.736
2872,-851.968
2873,-868.352
2874,-901.12
2875,-868.352
2876,-901.12
2877,-868.352
2878,-835.584
2879,-884.736
2880,-819.2
2881,-868.352
2882,-851.968
2883,-851.968
2884,-917.504
2885,-851.968
2886,-851.968
2887,-819.2
2888,-819.2
2889,-884.736
2890,-868.352
2891,-851.968
2892,-851.968
2893,-819.2
2894,-868.352
2895,-835.584
2896,-819.2
2897,-851.968
2898,-835.584
2899,-835.584
2900,-868.352
2901,-786.432
2902,-770.048
2903,-868.352
2904,-1114.112
2905,-1212.416
2906,-1064.96
2907,-868.352
2908,-737.28
2909,-753.664
2910,-819.2
2911,-802.816
2912,-868.352
2913,-835.584
2914,-851.968
2915,-868.352
2916,-851.968
2917,-835.584
2918,-835.584
2919,-802.816
2920,-819.2
2921,-802.816
2922,-835.584
2923,-835.584
2924,-819.2
2925,-835.584
2926,-786.432
2927,-819.2
2928,-819.2
2929,-819.2
2930,-835.584
2931,-835.584
2932,-835.584
2933,-851.968
2934,-851.968
2935,-884.736
2936,-835.584
2937,-851.968
2938,-901.12
2939,-868.352
2940,-868.352
2941,-851.968
2942,-835.584
2943,-884.736
2944,-851.968
2945,-868.352
2946,-851.968
2947,-851.968
2948,-917.504
2949,-868.352
2950,-851.968
2951,-835.584
2952,-851.968
2953,-901.12
2954,-835.584
2955,-835.584
2956,-851.968
2957,-835.584
2958,-901.12
2959,-868.352
2960,-868.352
2961,-901.12
2962,-868.352
2963,-884.736
2964,-851.968
2965,-851.968
2966,-917.504
2967,-884.736
2968,-901.12
2969,-884.736
2970,-835.584
2971,-868.352
2972,-835.584
2973,-901.12
2974,-884.736
2975,-884.736
2976,-884.736
2977,-851.968
2978,-851.968
2979,-851.968
2980,-851.968
2981,-868.352
2982,-868.352
2983,-851.968
2984,-884.736
2985,-819.2
2986,-851.968
2987,-819.2
2988,-802.816
2989,-884.736
2990,-1130.496
2991,-1245.184
2992,-1163.264
2993,-868.352
2994,-737.28
2995,-770.048
2996,-868.352
2997,-851.968
2998,-819.2
2999,-851.968
3000,-819.2
3001,-835.584
3002,-884.736
3003,-835.584
3004,-868.352
3005,-835.584
3006,-819.2
3007,-851.968
3008,-835.584
3009,-835.584
3010,-868.352
3011,-819.2
3012,-819.2
3013,-802.816
3014,-819.2
3015,-819.2
3016,-802.816
3017,-819.2
3018,-819.2
3019,-835.584
3020,-868.352
3021,-835.584
3022,-868.352
3023,-851.968
3024,-835.584
3025,-933.888
3026,-933.888
3027,-966.656
3028,-901.12
3029,-868.352
3030,-884.736
3031,-868.352
3032,-884.736
3033,-851.968
3034,-868.352
3035,-933.888
3036,-868.352
3037,-835.584
3038,-851.968
3039,-851.968
3040,-950.272
3041,-884.736
3042,-884.736
3043,-884.736
3044,-851.968
3045,-901.12
3046,-884.736
3047,-868.352
3048,-901.12
3049,-835.584
3050,-868.352
3051,-851.968
3052,-884.736
3053,-933.888
3054,-851.968
3055,-835.584
3056,-851.968
3057,-851.968
3058,-933.888
3059,-868.352
3060,-851.968
3061,-868.352
3062,-868.352
3063,-901.12
3064,-884.736
3065,-835.584
3066,-851.968
3067,-819.2
3068,-884.736
3069,-851.968
3070,-851.968
3071,-868.352
3072,-835.584
3073,-819.2
3074,-819.2
3075,-1032.192
3076,-1228.8
3077,-1196.032
3078,-966.656
3079,-720.896
3080,-655.36
3081,-770.048
3082,-802.816
3083,-851.968
3084,-868.352
3085,-835.584
3086,-851.968
3087,-835.584
3088,-835.584
3089,-851.968
3090,-868.352
3091,-917.504
3092,-901.12
3093,-851.968
3094,-819.2
3095,-802.816
3096,-802.816
3097,-819.2
3098,-835.584
3099,-884.736
3100,-868.352
3101,-884.736
3102,-835.584
3103,-802.816
3104,-835.584
3105,-851.968
3106,-884.736
3107,-868.352
3108,-835.584
3109,-868.352
3110,-868.352
3111,-884.736
3112,-884.736
3113,-851.968
3114,-884.736
3115,-851.968
3116,-851.968
3117,-917.504
3118,-851.968
3119,-884.736
3120,-868.352
3121,-868.352
3122,-901.12
3123,-884.736
3124,-851.968
3125,-868.352
3126,-851.968
3127,-933.888
3128,-884.736
3129,-868.352
3130,-901.12
3131,-901.12
3132,-950.272
3133,-917.504
3134,-884.736
3135,-868.352
3136,-868.352
3137,-868.352
3138,-884.736
3139,-917.504
3140,-950.272
3141,-884.736
3142,-868.352
3143,-835.584
3144,-851.968
3145,-933.888
3146,-884.736
3147,-868.352
3148,-884.736
3149,-884.736
3150,-901.12
3151,-884.736
3152,-868.352
3153,-901.12
3154,-868.352
3155,-819.2
3156,-917.504
3157,-1130.496
3158,-1261.568
3159,-1146.88
3160,-933.888
3161,-753.664
3162,-819.2
3163,-884.736
3164,-851.968
3165,-851.968
3166,-851.968
3167,-835.584
3168,-868.352
3169,-835.584
3170,-884.736
3171,-868.352
3172,-851.968
3173,-851.968
3174,-868.352
3175,-884.736
3176,-884.736
3177,-802.816
3178,-835.584
3179,-819.2
3180,-851.968
3181,-868.352
3182,-819.2
3183,-851.968
3184,-851.968
3185,-835.584
3186,-868.352
3187,-835.584
3188,-901.12
3189,-901.12
3190,-917.504
3191,-933.888
3192,-917.504
3193,-917.504
3194,-950.272
3195,-917.504
3196,-933.888
3197,-917.504
3198,-933.888
3199,-950.272
3200,-884.736
3201,-901.12
3202,-868.352
3203,-884.736
3204,-933.888
3205,-901.12
3206,-917.504
3207,-933.888
